1JahrlängerZeitfürdasAbitur.txt;1 Jahr länger Zeit für das Abitur ;;;https://www.sr.de/sr/home/nachrichten/nachrichten_einfach/ne_abitur_dreizehn_jahre_100.html;CC BY-NC-ND 3.0;;SR.de;https://www.sr.de
RegierungimSaarlandwillEnergieeinsparen.txt;Regierung im Saarland will Energie einsparen;;;https://www.sr.de/sr/home/nachrichten/nachrichten_einfach/ne_regierung_saarland_energie_sparen_100.html;CC BY-NC-ND 3.0;;SR.de;https://www.sr.de
GefängnisstrafefürehemaligenArzt.txt;Gefängnisstrafe für ehemaligen Arzt;;;https://www.sr.de/sr/home/nachrichten/nachrichten_einfach/ne_ehemaliger_arzt_gefaengnis_strafe_gericht_100.html;CC BY-NC-ND 3.0;;SR.de;https://www.sr.de
AmBostalseestehteinHausKopf.txt;Am Bostalsee steht ein Haus Kopf;;;https://www.sr.de/sr/home/nachrichten/nachrichten_einfach/ne_bostalsee_haus_auf_dem_kopf_100.html;CC BY-NC-ND 3.0;;SR.de;https://www.sr.de
HeißesterTagimSaarland.txt;Heißester Tag im Saarland;;;https://www.sr.de/sr/home/nachrichten/nachrichten_einfach/ne_heissester_tag_im_saarland_100.html;CC BY-NC-ND 3.0;;SR.de;https://www.sr.de
NeueRegelnfürFlüchtlinge.txt;Neue Regeln für Flüchtlinge;;;https://www.sr.de/sr/home/nachrichten/nachrichten_einfach/ne_neue_regeln_fluechtlinge_100.html;CC BY-NC-ND 3.0;;SR.de;https://www.sr.de
ImSaarlandfehlenMedikamente.txt;Im Saarland fehlen Medikamente;;;https://www.sr.de/sr/home/nachrichten/nachrichten_einfach/ne_medikamente_apotheke_kinder_saarland_100.html;CC BY-NC-ND 3.0;;SR.de;https://www.sr.de
Verfahrengehtweiter.txt;Verfahren geht weiter;;;https://www.sr.de/sr/home/nachrichten/nachrichten_einfach/ne_svolt_entscheidung_gemeinderat_ueberherrn_100.html;CC BY-NC-ND 3.0;;SR.de;https://www.sr.de
GroßerEinsatzderPolizei.txt;Großer Einsatz der Polizei;;;https://www.sr.de/sr/home/nachrichten/nachrichten_einfach/ne_sperrung_hafenstrasse_saarbruecken_sprengstoffverdacht_100.html;CC BY-NC-ND 3.0;;SR.de;https://www.sr.de
GesetzzurSchulsozialarbeit.txt;Gesetz zur Schulsozialarbeit;;;https://www.sr.de/sr/home/nachrichten/nachrichten_einfach/ne_landtag_entscheidung_spd_schulsozialarbeit_100.html;CC BY-NC-ND 3.0;;SR.de;https://www.sr.de
ArmutimSaarland.txt;Armut im Saarland;;;https://www.sr.de/sr/home/nachrichten/nachrichten_einfach/ne_armutsbericht_saarland_100.html;CC BY-NC-ND 3.0;;SR.de;https://www.sr.de
Eisistgut.txt;Eis ist gut;;;https://www.sr.de/sr/home/nachrichten/nachrichten_einfach/ne_speiseeis_qualitaet_saarland_eisdielen_100.html;CC BY-NC-ND 3.0;;SR.de;https://www.sr.de
SonderprogrammfürukrainischeSchüler.txt;Sonderprogramm für ukrainische Schüler;;;https://www.sr.de/sr/home/nachrichten/nachrichten_einfach/ne_ukrainische_schueler_100.html;CC BY-NC-ND 3.0;;SR.de;https://www.sr.de
ImSaarlandfehlen4000MitarbeiterinderGastronomieunddemTourismus.txt;Im Saarland fehlen 4000 Mitarbeiter in der Gastronomie und dem Tourismus;;;https://www.sr.de/sr/home/nachrichten/nachrichten_einfach/ne_personalmangel_gastronomie_100.html;CC BY-NC-ND 3.0;;SR.de;https://www.sr.de
BaubeginnfürdengrößtenSolarParkimSaarland.txt;Baubeginn für den größten Solar-Park im Saarland;;;https://www.sr.de/sr/home/nachrichten/nachrichten_einfach/ne_solarpark_bliesransbach_100.html;CC BY-NC-ND 3.0;;SR.de;https://www.sr.de
TourdeFrancegestartet.txt;Tour de France gestartet;;;https://www.sr.de/sr/home/nachrichten/nachrichten_einfach/ne_tour-de-france_100.html;CC BY-NC-ND 3.0;;SR.de;https://www.sr.de
TödlicherBadeunfallinStIngbert.txt;Tödlicher Badeunfall in St. Ingbert;;;https://www.sr.de/sr/home/nachrichten/nachrichten_einfach/ne_badeunfall_100.html;CC BY-NC-ND 3.0;;SR.de;https://www.sr.de
ZweineueFällevonAffenpockenimSaarland.txt;Zwei neue Fälle von Affenpocken im Saarland;;;https://www.sr.de/sr/home/nachrichten/nachrichten_einfach/ne_affenpocken_104.html;CC BY-NC-ND 3.0;;SR.de;https://www.sr.de
SommerfestderInklusioninDillingen.txt;Sommerfest der Inklusion in Dillingen;;;https://www.sr.de/sr/home/nachrichten/nachrichten_einfach/ne_sommerfest_inklusion_100.html;CC BY-NC-ND 3.0;;SR.de;https://www.sr.de
Vor10JahrenendetederBergbauimSaarland.txt;Vor 10 Jahren endete der Bergbau im Saarland;;;https://www.sr.de/sr/home/nachrichten/nachrichten_einfach/ne_bergbau_ende_100.html;CC BY-NC-ND 3.0;;SR.de;https://www.sr.de
GrillenamBostalseeistab1Juliverboten.txt;Grillen am Bostalsee ist ab 1. Juli verboten ;;;https://www.sr.de/sr/home/nachrichten/nachrichten_einfach/ne_grillen_bostalsee_100.html;CC BY-NC-ND 3.0;;SR.de;https://www.sr.de
FußballSaisonimSaarlandstartetEndeJuli.txt;Fußball-Saison im Saarland startet Ende Juli;;;https://www.sr.de/sr/home/nachrichten/nachrichten_einfach/ne_fussball_saison_100.html;CC BY-NC-ND 3.0;;SR.de;https://www.sr.de
SaarländersollenGasundStromsparen.txt;Saarländer sollen Gas und Strom sparen ;;;https://www.sr.de/sr/home/nachrichten/nachrichten_einfach/ne_strom_gas_100.html;CC BY-NC-ND 3.0;;SR.de;https://www.sr.de
ArbeitsplätzeimZFWerkbis2025gesichert.txt;Arbeitsplätze im ZF-Werk bis 2025 gesichert;;;https://www.sr.de/sr/home/nachrichten/nachrichten_einfach/ne_arbeitsplaetze_zf_100.html;CC BY-NC-ND 3.0;;SR.de;https://www.sr.de
WiedersehrvieleCoronaansteckungenimSaarland.txt;Wieder sehr viele Coronaansteckungen im Saarland;;;https://www.sr.de/sr/home/nachrichten/nachrichten_einfach/ne_corona_ansteckungen_100.html;CC BY-NC-ND 3.0;;SR.de;https://www.sr.de
CoronaBürgertestskostenjetztGeld.txt;Corona-Bürgertests kosten jetzt Geld;;;https://www.sr.de/sr/home/nachrichten/nachrichten_einfach/ne_buergertests_kosten_100.html;CC BY-NC-ND 3.0;;SR.de;https://www.sr.de
DiskussionumkostenloseCoronaTests.txt;Diskussion um kostenlose Corona-Tests;;;https://www.sr.de/sr/home/nachrichten/nachrichten_einfach/ne_streit_kostenlose_schnelltests_100.html;CC BY-NC-ND 3.0;;SR.de;https://www.sr.de
NeuerSpielerfür1FCKaiserslautern.txt;Neuer Spieler für 1. FC Kaiserslautern;;;https://www.sr.de/sr/home/nachrichten/nachrichten_einfach/ne_durm_fck_100.html;CC BY-NC-ND 3.0;;SR.de;https://www.sr.de
ProzessumerschossenePolizisten.txt;Prozess um erschossene Polizisten;;;https://www.sr.de/sr/home/nachrichten/nachrichten_einfach/ne_prozess_erschossene_polizisten_100.html;CC BY-NC-ND 3.0;;SR.de;https://www.sr.de
BessereBezahlungvonMenschenmitBehinderunggefordert.txt;Bessere Bezahlung von Menschen mit Behinderung gefordert;;;https://www.sr.de/sr/home/nachrichten/nachrichten_einfach/ne_bezahlung_menschen_mit_behinderung_100.html;CC BY-NC-ND 3.0;;SR.de;https://www.sr.de
FordElektroAutoswerdennichtinSaarlouisgebaut.txt;Ford-Elektro-Autos werden nicht in Saarlouis gebaut;;;https://www.sr.de/sr/home/nachrichten/nachrichten_einfach/ne_ford_entscheidung_100.html;CC BY-NC-ND 3.0;;SR.de;https://www.sr.de
NeuesZentruminStIngbert.txt;Neues Zentrum in St. Ingbert;;;https://www.sr.de/sr/home/nachrichten/nachrichten_einfach/ne_cispa_airbus_100.html;CC BY-NC-ND 3.0;;SR.de;https://www.sr.de
EinbürgerungenfürFlüchtlingesollenleichterwerden.txt;Einbürgerungen für Flüchtlinge sollen leichter werden;;;https://www.sr.de/sr/home/nachrichten/nachrichten_einfach/ne_einbuergerung_im_saarland_soll_leichter_werden_100.html;CC BY-NC-ND 3.0;;SR.de;https://www.sr.de
SaarlandsetztsichweiterfürFordWerkein.txt;Saarland setzt sich weiter für Ford-Werk ein;;;https://www.sr.de/sr/home/nachrichten/nachrichten_einfach/ne_saarland_setzt_sich_weiter_fuer_ford_werk_ein_100.html;CC BY-NC-ND 3.0;;SR.de;https://www.sr.de
TurnerinPaulineSchäferBetzgewinntwichtigenWettbewerb.txt;Turnerin Pauline Schäfer-Betz gewinnt wichtigen Wettbewerb;;;https://www.sr.de/sr/home/nachrichten/nachrichten_einfach/ne_turnerin_pauline_schaefer_betz_gewinnt_wichtigen_wettbewerb_100.html;CC BY-NC-ND 3.0;;SR.de;https://www.sr.de
WiedervieleCoronafälleimSaarland.txt;Wieder viele Coronafälle im Saarland;;;https://www.sr.de/sr/home/nachrichten/nachrichten_einfach/ne_wieder_viele_menschen_an_corona_erkrankt_100.html;CC BY-NC-ND 3.0;;SR.de;https://www.sr.de
FlugzeugnachGranCanariastartet13Stundenspäter.txt;Flugzeug nach Gran Canaria startet 13 Stunden später;;;https://www.sr.de/sr/home/nachrichten/nachrichten_einfach/ne_flugzeug_nach_gran_canaria_hat_13_stunden_verspaetung_100.html;CC BY-NC-ND 3.0;;SR.de;https://www.sr.de
HoheWaldbrandgefahrimSaarland.txt;Hohe Waldbrandgefahr im Saarland;;;https://www.sr.de/sr/home/nachrichten/nachrichten_einfach/ne_waldbrand_gefahr_im_saarland_besonders_hoch_100.html;CC BY-NC-ND 3.0;;SR.de;https://www.sr.de
MannschießtaufPolizistenundtötetsichselbst.txt;Mann schießt auf Polizisten und tötet sich selbst;;;https://www.sr.de/sr/home/nachrichten/nachrichten_einfach/ne_Schiesserei_Klarenthal_100.html;CC BY-NC-ND 3.0;;SR.de;https://www.sr.de
BoaConstrictorinNeunkichengefunden.txt;Boa Constrictor in Neunkichen gefunden;;;https://www.sr.de/sr/home/nachrichten/nachrichten_einfach/ne_boa_constrictor_neunkirchen_100.html;CC BY-NC-ND 3.0;;SR.de;https://www.sr.de
NeueErmittlungennachMordanschlagvon1991.txt;Neue Ermittlungen nach Mordanschlag von 1991;;;https://www.sr.de/sr/home/nachrichten/nachrichten_einfach/ne_yeboah_neu_ermittlungen_100.html;CC BY-NC-ND 3.0;;SR.de;https://www.sr.de
WiederCoronaImpfungenabHerbst.txt;Wieder Corona-Impfungen ab Herbst;;;https://www.sr.de/sr/home/nachrichten/nachrichten_einfach/ne_wieder_coronaimpfungen_herbst_100.html;CC BY-NC-ND 3.0;;SR.de;https://www.sr.de
MenschenmitBehinderungsollenbesserbezahltwerden.txt;Menschen mit Behinderung sollen besser bezahlt werden;;;https://www.sr.de/sr/home/nachrichten/nachrichten_einfach/ne_Werkstaette_Menschen_mit_Behinderung_100.html;CC BY-NC-ND 3.0;;SR.de;https://www.sr.de
SchülerimSaarlandkönnenbaldUkrainischlernen.txt;Schüler im Saarland können bald Ukrainisch lernen;;;https://www.sr.de/sr/home/nachrichten/nachrichten_einfach/ne_ukrainisch_lernen_uni_saarland_100.html;CC BY-NC-ND 3.0;;SR.de;https://www.sr.de
FordwillinSaarlouiswenigerAutosbauen.txt;Ford will in Saarlouis weniger Autos bauen;;;https://www.sr.de/sr/home/nachrichten/nachrichten_einfach/ne_ford_sls_baut_weniger_fahrzeuge_100.html;CC BY-NC-ND 3.0;;SR.de;https://www.sr.de
GroßesTreffenderWerkstättenfürMenschenmitBehinderung.txt;Großes Treffen der Werkstätten für Menschen mit Behinderung;;;https://www.sr.de/sr/home/nachrichten/nachrichten_einfach/ne_tag_der_behindertenwerstaetten_saarbruecken_100.html;CC BY-NC-ND 3.0;;SR.de;https://www.sr.de
Tankenistwiedergünstiger.txt;Tanken ist wieder günstiger;;;https://www.sr.de/sr/home/nachrichten/nachrichten_einfach/ne_tankrabatt_zeigt_wirkung_100.html;CC BY-NC-ND 3.0;;SR.de;https://www.sr.de
ToscaniistneuerCDUChefimSaarland.txt;Toscani ist neuer CDU-Chef im Saarland;;;https://www.sr.de/sr/home/nachrichten/nachrichten_einfach/ne_cdu_personalien_toscani_100.html;CC BY-NC-ND 3.0;;SR.de;https://www.sr.de
MikeFrantzkehrtzumFCSzurück.txt;Mike Frantz kehrt zum FCS zurück;;;https://www.sr.de/sr/home/nachrichten/nachrichten_einfach/ne_mike_frantz_fcs_100.html;CC BY-NC-ND 3.0;;SR.de;https://www.sr.de
SparkassewarntvorbetrügerischenNachrichten.txt;Sparkasse warnt vor betrügerischen Nachrichten;;;https://www.sr.de/sr/home/nachrichten/nachrichten_einfach/ne_sparkasse_phishing-sms_100.html;CC BY-NC-ND 3.0;;SR.de;https://www.sr.de
ErstervollautomatischerSupermarktfürdasSaarland.txt;Erster vollautomatischer Supermarkt für das Saarland;;;https://www.sr.de/sr/home/nachrichten/nachrichten_einfach/ne_theley_bekommt_24h_automaten-supermarkt_100.html;CC BY-NC-ND 3.0;;SR.de;https://www.sr.de
SaarlandbereitetsichaufAffenpockenvor.txt;Saarland bereitet sich auf Affenpocken vor;;;https://www.sr.de/sr/home/nachrichten/nachrichten_einfach/ne_affenpocken_100.html;CC BY-NC-ND 3.0;;SR.de;https://www.sr.de
CoronaImpfungfürKinderzwischen511Jahren.txt;Corona-Impfung für Kinder zwischen 5-11 Jahren;;;https://www.sr.de/sr/home/nachrichten/nachrichten_einfach/ne_kinder-impfung_stiko_100.html;CC BY-NC-ND 3.0;;SR.de;https://www.sr.de
KitaBeiträgewerdenabgeschafft.txt;Kita-Beiträge werden abgeschafft;;;https://www.sr.de/sr/home/nachrichten/nachrichten_einfach/ne_kita-gebuehren_sinken_100.html;CC BY-NC-ND 3.0;;SR.de;https://www.sr.de
1FCKaiserslauternsteigtauf.txt;1. FC Kaiserslautern steigt auf;;;https://www.sr.de/sr/home/nachrichten/nachrichten_einfach/ne_fck_steigt_auf_100.html;CC BY-NC-ND 3.0;;SR.de;https://www.sr.de
HerzenssachebekommtSpende.txt;Herzenssache bekommt Spende;;;https://www.sr.de/sr/home/nachrichten/nachrichten_einfach/ne_herzenssache_scheck_100.html;CC BY-NC-ND 3.0;;SR.de;https://www.sr.de
PlänefürdenOsthafeninSaarbrücken.txt;Pläne für den Osthafen in Saarbrücken;;;https://www.sr.de/sr/home/nachrichten/nachrichten_einfach/ne_greencells_osthafen_100.html;CC BY-NC-ND 3.0;;SR.de;https://www.sr.de
Vielekaufendas9EuroTicket.txt;Viele kaufen das 9-Euro-Ticket;;;https://www.sr.de/sr/home/nachrichten/nachrichten_einfach/ne_bilanz_9euroticket_100.html;CC BY-NC-ND 3.0;;SR.de;https://www.sr.de
RehlingerfliegtzuFordindieUSA.txt;Rehlinger fliegt zu Ford in die USA;;;https://www.sr.de/sr/home/nachrichten/nachrichten_einfach/ne_rehlinger_bei_ford_100.html;CC BY-NC-ND 3.0;;SR.de;https://www.sr.de
VolkszählunghatimSaarlandbegonnen.txt;Volkszählung hat im Saarland begonnen;;;https://www.sr.de/sr/home/nachrichten/nachrichten_einfach/ne_volkszaehlung_100.html;CC BY-NC-ND 3.0;;SR.de;https://www.sr.de
71JährigerinSulzbachgetötet.txt;71-Jähriger in Sulzbach getötet;;;https://www.sr.de/sr/home/nachrichten/nachrichten_einfach/ne_mann_getoetet_100.html;CC BY-NC-ND 3.0;;SR.de;https://www.sr.de
VerletzteUkrainerinsaarländischenKrankenhäusern.txt;Verletzte Ukrainer in saarländischen Krankenhäusern;;;https://www.sr.de/sr/home/nachrichten/nachrichten_einfach/ne_verletzte_ukrainer_in_krankenhaeusern_100.html;CC BY-NC-ND 3.0;;SR.de;https://www.sr.de
ImSaarlandwerdendringendBlutspendengebraucht.txt;Im Saarland werden dringend Blutspenden gebraucht;;;https://www.sr.de/sr/home/nachrichten/nachrichten_einfach/ne_blutspenden_100.html;CC BY-NC-ND 3.0;;SR.de;https://www.sr.de
SVElversbergsteigtin3Ligaauf.txt;SV Elversberg steigt in 3. Liga auf;;;https://www.sr.de/sr/home/nachrichten/nachrichten_einfach/ne_sve_steigt_auf_100.html;CC BY-NC-ND 3.0;;SR.de;https://www.sr.de
KindernachrichteninukrainischerSprache.txt;Kindernachrichten in ukrainischer Sprache;;;https://www.sr.de/sr/home/nachrichten/nachrichten_einfach/ne_kindernachrichten_ukrainisch_100.html;CC BY-NC-ND 3.0;;SR.de;https://www.sr.de
UkrainischeSoldatenwerdenausgebildet.txt;Ukrainische Soldaten werden ausgebildet;;;https://www.sr.de/sr/home/nachrichten/nachrichten_einfach/ne_ausbildung_soldaten_ukraine_100.html;CC BY-NC-ND 3.0;;SR.de;https://www.sr.de
FirmaGoSharingnichtmehrinSaarbrücken.txt;Firma "Go Sharing" nicht mehr in Saarbrücken;;;https://www.sr.de/sr/home/nachrichten/nachrichten_einfach/ne_go_sharing_weg_100.html;CC BY-NC-ND 3.0;;SR.de;https://www.sr.de
Fußballverein1FCKaiserslauternentlässtTrainer.txt;Fußballverein 1. FC Kaiserslautern entlässt Trainer ;;;https://www.sr.de/sr/home/nachrichten/nachrichten_einfach/ne_fck_entlaesst_trainer_100.html;CC BY-NC-ND 3.0;;SR.de;https://www.sr.de
KeineCoronatestsmehranSchulen.txt;Keine Coronatests mehr an Schulen;;;https://www.sr.de/sr/home/nachrichten/nachrichten_einfach/ne_corona_regeln_neu_100.html;CC BY-NC-ND 3.0;;SR.de;https://www.sr.de
MatthiasMaurerzurückaufderErde.txt;Matthias Maurer zurück auf der Erde;;;https://www.sr.de/sr/home/nachrichten/nachrichten_einfach/ne_astronaut_maurer_zurueck_100.html;CC BY-NC-ND 3.0;;SR.de;https://www.sr.de
CoronaRegelnwerdengeändert.txt;Corona-Regeln werden geändert;;;https://www.sr.de/sr/home/nachrichten/nachrichten_einfach/ne_corona_regeln_werden_geaendert_100.html;CC BY-NC-ND 3.0;;SR.de;https://www.sr.de
MaikundgebunginSaarbrücken.txt;Maikundgebung in Saarbrücken;;;https://www.sr.de/sr/home/nachrichten/nachrichten_einfach/ne_mai_kundgebung_in_saarbruecken_100.html;CC BY-NC-ND 3.0;;SR.de;https://www.sr.de
GoldundSilberfürBadmintonspielerinIsabelLohau.txt;Gold und Silber für Badmintonspielerin Isabel Lohau;;;https://www.sr.de/sr/home/nachrichten/nachrichten_einfach/ne_gold_und_silber_fuer_badminton_spielerin_lohau_100.html;CC BY-NC-ND 3.0;;SR.de;https://www.sr.de
KunstausstellungUrbanArtBiennaleeröffnet.txt;Kunstausstellung „Urban Art Biennale“ eröffnet;;;https://www.sr.de/sr/home/nachrichten/nachrichten_einfach/ne_kunstausstellung_urban_art_biennale_100.html;CC BY-NC-ND 3.0;;SR.de;https://www.sr.de
StartderErdbeerernte.txt;Start der Erdbeerernte;;;https://www.sr.de/sr/home/nachrichten/nachrichten_einfach/ne_start_der_erdbeerernte_100.html;CC BY-NC-ND 3.0;;SR.de;https://www.sr.de
StudiezuPflegekräften.txt;Studie zu Pflegekräften;;;https://www.sr.de/sr/home/nachrichten/nachrichten_einfach/ne_studie_zu_pflegekraeften_100.html;CC BY-NC-ND 3.0;;SR.de;https://www.sr.de
FordwillWerkinSaarlouiserhalten.txt;Ford will Werk in Saarlouis erhalten;;;https://www.sr.de/sr/home/nachrichten/nachrichten_einfach/ne_ford_will_werk_in_saarlouis_erhalten_100.html;CC BY-NC-ND 3.0;;SR.de;https://www.sr.de
AnkeRehlingeristneueMinisterpräsidentin.txt;Anke Rehlinger ist neue Ministerpräsidentin;;;https://www.sr.de/sr/home/nachrichten/nachrichten_einfach/ne_anke_rehlinger_neue_ministerpraesidentin_100.html;CC BY-NC-ND 3.0;;SR.de;https://www.sr.de
Für9EuroeinenMonatBusundBahnfahren.txt;Für 9 Euro einen Monat Bus und Bahn fahren;;;https://www.sr.de/sr/home/nachrichten/nachrichten_einfach/ne_busticket_fuer_neun_euro_100.html;CC BY-NC-ND 3.0;;SR.de;https://www.sr.de
Zum1MalisteineFrauLandtagspräsidentin.txt;Zum 1. Mal ist eine Frau Landtagspräsidentin ;;;https://www.sr.de/sr/home/nachrichten/nachrichten_einfach/ne_erstes_mal_frau_landtagspraesidentin_102.html;CC BY-NC-ND 3.0;;SR.de;https://www.sr.de
NeueZeckenartenimSaarland.txt;Neue Zeckenarten im Saarland;;;https://www.sr.de/sr/home/nachrichten/nachrichten_einfach/ne_neue_zeckenarten_im_saarland_100.html;CC BY-NC-ND 3.0;;SR.de;https://www.sr.de
ManndurchMesserstichelebensgefährlichverletzt.txt;Mann durch Messerstiche lebensgefährlich verletzt;;;https://www.sr.de/sr/home/nachrichten/nachrichten_einfach/ne_mann_durch_messerstiche_stark_verletzt_100.html;CC BY-NC-ND 3.0;;SR.de;https://www.sr.de
LehrerinnenundLehrerausderUkrainegesucht.txt;Lehrerinnen und Lehrer aus der Ukraine gesucht;;;https://www.sr.de/sr/home/nachrichten/nachrichten_einfach/ne_lehrer_innen_aus_der_ukraine_gesucht_100.html;CC BY-NC-ND 3.0;;SR.de;https://www.sr.de
SVElversbergimFinaledesSaarlandpokals.txt;SV Elversberg im Finale des Saarlandpokals;;;https://www.sr.de/sr/home/nachrichten/nachrichten_einfach/ne_elversberg_im_saarland_pokalfinale_100.html;CC BY-NC-ND 3.0;;SR.de;https://www.sr.de
TelefonhotlinefürFlüchtlingeausderUkraine.txt;Telefonhotline für Flüchtlinge aus der Ukraine;;;https://www.sr.de/sr/home/nachrichten/nachrichten_einfach/ne_telefonhotline_fuer_fluechtlinge_ukraine_100.html;CC BY-NC-ND 3.0;;SR.de;https://www.sr.de
DasBundesumweltministeriumbeobachtetdasfranzösischeAtomkraftwerkCattenom.txt;Das Bundesumweltministerium beobachtet das französische Atomkraftwerk Cattenom;;;https://www.sr.de/sr/home/nachrichten/nachrichten_einfach/ne_cattenom_unter_beobachtung_100.html;CC BY-NC-ND 3.0;;SR.de;https://www.sr.de
InSaarbrückensindbeiderPostmehrals100Paketegeklautworden.txt;In Saarbrücken sind bei der Post mehr als 100 Pakete geklaut worden;;;https://www.sr.de/sr/home/nachrichten/nachrichten_einfach/ne_viele_pakete_geklaut_100.html;CC BY-NC-ND 3.0;;SR.de;https://www.sr.de
NeueRegierungfürdasSaarlandstehtfest.txt;Neue Regierung für das Saarland steht fest;;;https://www.sr.de/sr/home/nachrichten/nachrichten_einfach/ne_neue_regierung_fuer_das_saarland_100.html;CC BY-NC-ND 3.0;;SR.de;https://www.sr.de
DemonstrationfürdenFriedeninSaarbrücken.txt;Demonstration für den Frieden in Saarbrücken;;;https://www.sr.de/sr/home/nachrichten/nachrichten_einfach/ne_demonstration_fuer_den_frieden_saarbruecken_100.html;CC BY-NC-ND 3.0;;SR.de;https://www.sr.de
WenigeFlüchtlingeausderUkrainewolleninsSaarland.txt;Wenige Flüchtlinge aus der Ukraine wollen ins Saarland;;;https://www.sr.de/sr/home/nachrichten/nachrichten_einfach/ne_weniger_gefluechtete_aus_der_ukraine_100.html;CC BY-NC-ND 3.0;;SR.de;https://www.sr.de
FordBetriebsratgegenweitereKurzarbeit.txt;Ford-Betriebsrat gegen weitere Kurzarbeit;;;https://www.sr.de/sr/home/nachrichten/nachrichten_einfach/ne_fordbetriebsrat_gegen_weitere_kurzarbeit_100.html;CC BY-NC-ND 3.0;;SR.de;https://www.sr.de
NurnochzweiCoronatestsproWocheanSchulen.txt;Nur noch zwei Coronatests pro Woche an Schulen;;;https://www.sr.de/sr/home/nachrichten/nachrichten_einfach/ne_schulen_coronatests_100.html;CC BY-NC-ND 3.0;;SR.de;https://www.sr.de
VieleUkraineFlüchtlingeimSaarland.txt;Viele Ukraine-Flüchtlinge im Saarland;;;https://www.sr.de/sr/home/nachrichten/nachrichten_einfach/ne_ukraine_fluechtlinge_saarland_100.html;CC BY-NC-ND 3.0;;SR.de;https://www.sr.de
FranzosenhabendieWahlzwischenMacronundLePen.txt;Franzosen haben die Wahl zwischen Macron und LePen;;;https://www.sr.de/sr/home/nachrichten/nachrichten_einfach/ne_praesidentschaftswahl_frankreich_100.html;CC BY-NC-ND 3.0;;SR.de;https://www.sr.de
MehrereSchließfächerbeiderSpardaBankausgeraubt.txt;Mehrere Schließfächer bei der Sparda-Bank ausgeraubt;;;https://www.sr.de/sr/home/nachrichten/nachrichten_einfach/ne_raub_sparda_bank_schliessfach_100.html;CC BY-NC-ND 3.0;;SR.de;https://www.sr.de
650JahrealteEicheimSaarlandistNationalerbeBaum.txt;650 Jahre alte Eiche im Saarland ist Nationalerbe-Baum;;;https://www.sr.de/sr/home/nachrichten/nachrichten_einfach/ne_nationalerbebaum_eiche_100.html;CC BY-NC-ND 3.0;;SR.de;https://www.sr.de
HilfefürukrainischeFlüchtlinge.txt;Hilfe für ukrainische Flüchtlinge;;;https://www.sr.de/sr/home/nachrichten/nachrichten_einfach/ne_hilfe_fluechtlinge_ukraine_100.html;CC BY-NC-ND 3.0;;SR.de;https://www.sr.de
WenigerOrganspendenimSaarland.txt;Weniger Organspenden im Saarland;;;https://www.sr.de/sr/home/nachrichten/nachrichten_einfach/ne_bilanz_organspende_100.html;CC BY-NC-ND 3.0;;SR.de;https://www.sr.de
Ludwigskirchewirdrepariert.txt;Ludwigskirche wird repariert;;;https://www.sr.de/sr/home/nachrichten/nachrichten_einfach/ne_ludwigskirche_wird_repariert_100.html;CC BY-NC-ND 3.0;;SR.de;https://www.sr.de
FestnahmenachMordanYeboah.txt;Festnahme nach Mord an Yeboah;;;https://www.sr.de/sr/home/nachrichten/nachrichten_einfach/ne_festnahme_fall_yeboah_100.html;CC BY-NC-ND 3.0;;SR.de;https://www.sr.de
UmgangmitCoronaVirus.txt;Umgang mit Corona-Virus;;;https://www.sr.de/sr/home/nachrichten/nachrichten_einfach/ne_streit_impfpflicht_104.html;CC BY-NC-ND 3.0;;SR.de;https://www.sr.de
DurchsuchungenbeiRechtsextremen.txt;Durchsuchungen bei Rechtsextremen;;;https://www.sr.de/sr/home/nachrichten/nachrichten_einfach/ne_razzien_rechtsextreme_100.html;CC BY-NC-ND 3.0;;SR.de;https://www.sr.de
SRFerienOpenAirfälltwiederaus.txt;SR Ferien Open Air fällt wieder aus;;;https://www.sr.de/sr/home/nachrichten/nachrichten_einfach/ne_sr_ferien_open_air_faellt_wieder_aus_100.html;CC BY-NC-ND 3.0;;SR.de;https://www.sr.de
FCHgewinntgegendenFCS.txt;FCH gewinnt gegen den FCS;;;https://www.sr.de/sr/home/nachrichten/nachrichten_einfach/ne_saarlandpokal_fussball_fch_fcs_100.html;CC BY-NC-ND 3.0;;SR.de;https://www.sr.de
MesserstechereiineinemZug.txt;Messerstecherei in einem Zug;;;https://www.sr.de/sr/home/nachrichten/nachrichten_einfach/ne_messerstecherei_in_einem_zug_100.html;CC BY-NC-ND 3.0;;SR.de;https://www.sr.de
SPDgewinntLandtagswahlimSaarland.txt;SPD gewinnt Landtagswahl im Saarland;;;https://www.sr.de/sr/home/nachrichten/nachrichten_einfach/ne_spd_gewinnt_landtagswahl_100.html;CC BY-NC-ND 3.0;;SR.de;https://www.sr.de
MaskenpflichtnurnochanwenigenOrten.txt;Maskenpflicht nur noch an wenigen Orten;;;https://www.sr.de/sr/home/nachrichten/nachrichten_einfach/ne_maskenpflicht_nur_noch_an_wenigen_orten_100.html;CC BY-NC-ND 3.0;;SR.de;https://www.sr.de
GlobuseröffnetEinkaufsmarktinNeunkirchen.txt;Globus eröffnet Einkaufsmarkt in Neunkirchen;;;https://www.sr.de/sr/home/nachrichten/nachrichten_einfach/ne_globus_neunkirchen_neueroeffung_100.html;CC BY-NC-ND 3.0;;SR.de;https://www.sr.de
TobiasHanshörtalsCDUChefauf.txt;Tobias Hans hört als CDU-Chef auf;;;https://www.sr.de/sr/home/nachrichten/nachrichten_einfach/ne_tobias_hans_hoert_als_cdu-chef_auf_100.html;CC BY-NC-ND 3.0;;SR.de;https://www.sr.de
KinderausUkrainesollenSaarSchulenbesuchen.txt;Kinder aus Ukraine sollen Saar-Schulen besuchen;;;https://www.sr.de/sr/home/nachrichten/nachrichten_einfach/ne_fluechtlinge_kinder_ukraine_schule_100.html;CC BY-NC-ND 3.0;;SR.de;https://www.sr.de
ForderungendesSaarBehindertenbeirats.txt;Forderungen des Saar-Behindertenbeirats;;;https://www.sr.de/sr/home/nachrichten/nachrichten_einfach/ne_landesbehindertenbeirat_vor_der_wahl_100.html;CC BY-NC-ND 3.0;;SR.de;https://www.sr.de
DeutlichwenigerStraftatenimSaarland.txt;Deutlich weniger Straftaten im Saarland;;;https://www.sr.de/sr/home/nachrichten/nachrichten_einfach/ne_deutlich_weniger_straftaten_im_saarland_100.html;CC BY-NC-ND 3.0;;SR.de;https://www.sr.de
KlinikenmüssenOperationenverschieben.txt;Kliniken müssen Operationen verschieben;;;https://www.sr.de/sr/home/nachrichten/nachrichten_einfach/ne_kliniken_muessen_operationen_verschieben_100.html;CC BY-NC-ND 3.0;;SR.de;https://www.sr.de
CoronaRegelnimSaarlandwurdenleichtgelockert.txt;Corona-Regeln im Saarland wurden leicht gelockert;;;https://www.sr.de/sr/home/nachrichten/nachrichten_einfach/ne_corona-regeln_saarland_leicht_gelockert_100.html;CC BY-NC-ND 3.0;;SR.de;https://www.sr.de
WeltraumeinsatzfürAstronautMatthiasMaurer.txt;Weltraumeinsatz für Astronaut Matthias Maurer;;;https://www.sr.de/sr/home/nachrichten/nachrichten_einfach/ne_erfolgreicher_ausseneinsatz_fuer_astronaut_maurer_100.html;CC BY-NC-ND 3.0;;SR.de;https://www.sr.de
Autofahrerfährt2Blitzerum.txt;Autofahrer fährt 2 Blitzer um;;;https://www.sr.de/sr/home/nachrichten/nachrichten_einfach/ne_autofahrer_faehrt_blitzer_um_100.html;CC BY-NC-ND 3.0;;SR.de;https://www.sr.de
OskarLafontainehörtmitderPolitikauf.txt;Oskar Lafontaine hört mit der Politik auf;;;https://www.sr.de/sr/home/nachrichten/nachrichten_einfach/ne_oskar_lafontaine_hoert_mit_politik_auf_100.html;CC BY-NC-ND 3.0;;SR.de;https://www.sr.de
ImmermehrFlüchtlingeimSaarland.txt;Immer mehr Flüchtlinge im Saarland;;;https://www.sr.de/sr/home/nachrichten/nachrichten_einfach/ne_fluechtlinge_im_saarland_100.html;CC BY-NC-ND 3.0;;SR.de;https://www.sr.de
HerzenssachesammeltGeld.txt;Herzenssache sammelt Geld;;;https://www.sr.de/sr/home/nachrichten/nachrichten_einfach/ne_herzenssache_sammelt_geld_100.html;CC BY-NC-ND 3.0;;SR.de;https://www.sr.de
InformatikanSchulenimSaarland.txt;Informatik an Schulen im Saarland;;;https://www.sr.de/sr/home/nachrichten/nachrichten_einfach/ne_informatik_an_schulen_im_saarland_100.html;CC BY-NC-ND 3.0;;SR.de;https://www.sr.de
ImmermehrMenschenbekommenCorona.txt;Immer mehr Menschen bekommen Corona;;;https://www.sr.de/sr/home/nachrichten/nachrichten_einfach/ne_immer_mehr_menschen_bekommen_corona_100.html;CC BY-NC-ND 3.0;;SR.de;https://www.sr.de
SaarlandgegenhoheBenzinpreise.txt;Saarland gegen hohe Benzinpreise;;;https://www.sr.de/sr/home/nachrichten/nachrichten_einfach/ne_saarland_gegen_hohe_benzinpreise_100.html;CC BY-NC-ND 3.0;;SR.de;https://www.sr.de
FlüchtlingeausderUkraineangekommen.txt;Flüchtlinge aus der Ukraine angekommen;;;https://www.sr.de/sr/home/nachrichten/nachrichten_einfach/ne_ukraine_fluechtlinge_100.html;CC BY-NC-ND 3.0;;SR.de;https://www.sr.de
EinVerdächtigerimPolizistenmordvonKuselwiederfrei.txt;Ein Verdächtiger im Polizistenmord von Kusel wieder frei;;;https://www.sr.de/sr/home/nachrichten/nachrichten_einfach/ne_polizistenmord_kusel_verdaechtiger_frei_100.html;CC BY-NC-ND 3.0;;SR.de;https://www.sr.de
MitarbeiterinKindergärtenhabengestreikt.txt;Mitarbeiter in Kindergärten haben gestreikt;;;https://www.sr.de/sr/home/nachrichten/nachrichten_einfach/ne_streik_kitas_100.html;CC BY-NC-ND 3.0;;SR.de;https://www.sr.de
RekordanNeuinfektionenmitdemCoronavirus.txt;Rekord an Neuinfektionen mit dem Coronavirus;;;https://www.sr.de/sr/home/nachrichten/nachrichten_einfach/ne_corona_rekord_100.html;CC BY-NC-ND 3.0;;SR.de;https://www.sr.de
InformationenzurLandtagswahlineinfacherSprache.txt;Informationen zur Landtagswahl in einfacher Sprache;;;https://www.sr.de/sr/home/nachrichten/nachrichten_einfach/ne_dossier_landtagswahl_100.html;CC BY-NC-ND 3.0;;SR.de;https://www.sr.de
SaarländerinRecktenwaldbeiParalympics.txt;Saarländerin Recktenwald bei Paralympics;;;https://www.sr.de/sr/home/nachrichten/nachrichten_einfach/ne_paralympics_recktenwald_100.html;CC BY-NC-ND 3.0;;SR.de;https://www.sr.de
AktionengegendenKrieginderUkraine.txt;Aktionen gegen den Krieg in der Ukraine;;;https://www.sr.de/sr/home/nachrichten/nachrichten_einfach/ne_krieg_ukraine_aktionen_100.html;CC BY-NC-ND 3.0;;SR.de;https://www.sr.de
SaarlandhilftFlüchtlingen.txt;Saarland hilft Flüchtlingen;;;https://www.sr.de/sr/home/nachrichten/nachrichten_einfach/ne_fluechtlinge_ukraine_100.html;CC BY-NC-ND 3.0;;SR.de;https://www.sr.de
ClubsundDiscosdürfenwiederöffnen.txt;Clubs und Discos dürfen wieder öffnen;;;https://www.sr.de/sr/home/nachrichten/nachrichten_einfach/ne_corona_clubs_discos_100.html;CC BY-NC-ND 3.0;;SR.de;https://www.sr.de
MenschendemonstrierengegendenKrieg.txt;Menschen demonstrieren gegen den Krieg;;;https://www.sr.de/sr/home/nachrichten/nachrichten_einfach/ne_demo_krieg_100.html;CC BY-NC-ND 3.0;;SR.de;https://www.sr.de
PolizistenmordinKuselNurnocheinVerdächtiger.txt;Polizistenmord in Kusel: Nur noch ein Verdächtiger;;;https://www.sr.de/sr/home/nachrichten/nachrichten_einfach/ne_polizistenmord_kusel_100.html;CC BY-NC-ND 3.0;;SR.de;https://www.sr.de
FolgendesKriegesfürdasSaarland.txt;Folgen des Krieges für das Saarland;;;https://www.sr.de/sr/home/nachrichten/nachrichten_einfach/ne_wirtschaft_saarland_ukraine_100.html;CC BY-NC-ND 3.0;;SR.de;https://www.sr.de
BriefwahlWievonzuHausegewähltwerdenkann.txt;Briefwahl: Wie von zu Hause gewählt werden kann;;;https://www.sr.de/sr/home/nachrichten/nachrichten_einfach/ne_briefwahl_100.html;CC BY-NC-ND 3.0;;SR.de;https://www.sr.de
LebenslangeGefängnisstrafe.txt;Lebenslange Gefängnisstrafe;;;https://www.sr.de/sr/home/nachrichten/nachrichten_einfach/ne_staatsanwaltschaft_fordert_hoechstrafe_im_pfleger_prozess_100.html;CC BY-NC-ND 3.0;;SR.de;https://www.sr.de
NeuerCoronaImpfstoff.txt;Neuer Corona-Impfstoff;;;https://www.sr.de/sr/home/nachrichten/nachrichten_einfach/ne_novavax_corona_impfung_im_saarland_100.html;CC BY-NC-ND 3.0;;SR.de;https://www.sr.de
TrauerumSchimpansen.txt;Trauer um Schimpansen;;;https://www.sr.de/sr/home/nachrichten/nachrichten_einfach/ne_schimpanse_jonny_aus_saarbruecker_zoo_gestorben_100.html;CC BY-NC-ND 3.0;;SR.de;https://www.sr.de
NeueErkenntnissezuWaffenvonKusel.txt;Neue Erkenntnisse zu Waffen von Kusel;;;https://www.sr.de/sr/home/nachrichten/nachrichten_einfach/ne_tatwaffen_von_mutmasslichem_mord_in_kusel_identifiziert_100.html;CC BY-NC-ND 3.0;;SR.de;https://www.sr.de
AngriffaufdieUkraine.txt;Angriff auf die Ukraine;;;https://www.sr.de/sr/home/nachrichten/nachrichten_einfach/ne_angriff_auf_die_ukraine_100.html;CC BY-NC-ND 3.0;;SR.de;https://www.sr.de
WahlOMatzurLandtagswahlgestartet.txt;Wahl-O-Mat zur Landtagswahl gestartet;;;https://www.sr.de/sr/home/nachrichten/nachrichten_einfach/ne_wahl_o_mat_gestartet_100.html;CC BY-NC-ND 3.0;;SR.de;https://www.sr.de
CoronaRegelnwerdengelockert.txt;Corona-Regeln werden gelockert;;;https://www.sr.de/sr/home/nachrichten/nachrichten_einfach/ne_corona-regeln_lockerungen_100.html;CC BY-NC-ND 3.0;;SR.de;https://www.sr.de
UmfragezurLandtagswahlimSaarland.txt;Umfrage zur Landtagswahl im Saarland;;;https://www.sr.de/sr/home/nachrichten/nachrichten_einfach/ne_umfrage_landtagswahl_saarlandtrend_100.html;CC BY-NC-ND 3.0;;SR.de;https://www.sr.de
GetötetePolizistenbeerdigt.txt;Getötete Polizisten beerdigt;;;https://www.sr.de/sr/home/nachrichten/nachrichten_einfach/ne_getoetete_polizisten_beerdigt_100.html;CC BY-NC-ND 3.0;;SR.de;https://www.sr.de
BriefwahlimSaarland.txt;Briefwahl im Saarland;;;https://www.sr.de/sr/home/nachrichten/nachrichten_einfach/ne_briefwahl_landtagswahl_saarland_100.html;CC BY-NC-ND 3.0;;SR.de;https://www.sr.de
SelbstfahrendesAuto.txt;Selbstfahrendes Auto;;;https://www.sr.de/sr/home/nachrichten/nachrichten_einfach/ne_selbstfahrendes_auto_100.html;CC BY-NC-ND 3.0;;SR.de;https://www.sr.de
VierteCoronaImpfungimSaarlandmöglich.txt;Vierte Corona-Impfung im Saarland möglich;;;https://www.sr.de/sr/home/nachrichten/nachrichten_einfach/ne_vierte_corona-impfung_saarland_100.html;CC BY-NC-ND 3.0;;SR.de;https://www.sr.de
KleineÄnderungenbeidenCoronaRegelnimSaarland.txt;Kleine Änderungen bei den Corona-Regeln im Saarland;;;https://www.sr.de/sr/home/nachrichten/nachrichten_einfach/ne_aenderungen_coronaregeln_100.html;CC BY-NC-ND 3.0;;SR.de;https://www.sr.de
StreitumImpfpflichtimGesundheitsbereich.txt;Streit um Impfpflicht im Gesundheitsbereich;;;https://www.sr.de/sr/home/nachrichten/nachrichten_einfach/ne_streit_impfpflicht_100.html;CC BY-NC-ND 3.0;;SR.de;https://www.sr.de
MahnmalfürSintiundRomainSaarbrückengeplant.txt;Mahnmal für Sinti und Roma in Saarbrücken geplant;;;https://www.sr.de/sr/home/nachrichten/nachrichten_einfach/ne_mahnmal_sinti_roma_100.html;CC BY-NC-ND 3.0;;SR.de;https://www.sr.de
FastnachtsAuftrittealsInternetVideo.txt;Fastnachts-Auftritte als Internet-Video;;;https://www.sr.de/sr/home/nachrichten/nachrichten_einfach/ne_fastnachtsvideos_100.html;CC BY-NC-ND 3.0;;SR.de;https://www.sr.de
VieleUnwetterEinsätzeamvergangenenWochenende.txt;Viele Unwetter-Einsätze am vergangenen Wochenende;;;https://www.sr.de/sr/home/nachrichten/nachrichten_einfach/ne_unwetter_einsaetze_100.html;CC BY-NC-ND 3.0;;SR.de;https://www.sr.de
HassNachrichtengegenPolizistenimInternet.txt;Hass-Nachrichten gegen Polizisten im Internet;;;https://www.sr.de/sr/home/nachrichten/nachrichten_einfach/ne_verhaftung_hassbotschaften_100.html;CC BY-NC-ND 3.0;;SR.de;https://www.sr.de
GedenkfeierzumGrubenunglückvonLuisenthal.txt;Gedenkfeier zum Grubenunglück von Luisenthal;;;https://www.sr.de/sr/home/nachrichten/nachrichten_einfach/ne_gedenken_luisenthal_100.html;CC BY-NC-ND 3.0;;SR.de;https://www.sr.de
2Polizistenwurdengetötet.txt;2 Polizisten wurden getötet;;;https://www.sr.de/sr/home/nachrichten/nachrichten_einfach/ne_kusel_polizisten_getoetet_100.html;CC BY-NC-ND 3.0;;SR.de;https://www.sr.de
SaarländerinstartetbeidenParalympics.txt;Saarländerin startet bei den Paralympics;;;https://www.sr.de/sr/home/nachrichten/nachrichten_einfach/ne_paralympics_saarlaenderin_100.html;CC BY-NC-ND 3.0;;SR.de;https://www.sr.de
CoronaimpfungenjetztauchinApotheken.txt;Coronaimpfungen jetzt auch in Apotheken;;;https://www.sr.de/sr/home/nachrichten/nachrichten_einfach/ne_apotheken_corona-impfung_100.html;CC BY-NC-ND 3.0;;SR.de;https://www.sr.de
KostenloseFFP2MaskenfürärmereMenschen.txt;Kostenlose FFP2-Masken für ärmere Menschen;;;https://www.sr.de/sr/home/nachrichten/nachrichten_einfach/ne_kostenlose_ffp2-masken_100.html;CC BY-NC-ND 3.0;;SR.de;https://www.sr.de
FordBeschäftigtekämpfenfürdasWerkinSaarlouis.txt;Ford-Beschäftigte kämpfen für das Werk in Saarlouis;;;https://www.sr.de/sr/home/nachrichten/nachrichten_einfach/ne_ford_saarlouis_100.html;CC BY-NC-ND 3.0;;SR.de;https://www.sr.de
WahlkampffürdieLandtagswahlstartet.txt;Wahlkampf für die Landtagswahl startet;;;https://www.sr.de/sr/home/nachrichten/nachrichten_einfach/ne_landtagswahl_2022_wahlkampf_100.html;CC BY-NC-ND 3.0;;SR.de;https://www.sr.de
RekordanNeuinfektionenimSaarland.txt;Rekord an Neuinfektionen im Saarland;;;https://www.sr.de/sr/home/nachrichten/nachrichten_einfach/ne_corona_zahlen_104.html;CC BY-NC-ND 3.0;;SR.de;https://www.sr.de
Gerichtverbietet2GRegelimEinzelhandel.txt;Gericht verbietet 2G-Regel im Einzelhandel;;;https://www.sr.de/sr/home/nachrichten/nachrichten_einfach/ne_gericht_verbietet_2g-regel_100.html;CC BY-NC-ND 3.0;;SR.de;https://www.sr.de
InklusiverVereinstelltJahresprogrammvor.txt;Inklusiver Verein stellt Jahresprogramm vor;;;https://www.sr.de/sr/home/nachrichten/nachrichten_einfach/ne_inklusiver_verein_jahresprogramm_100.html;CC BY-NC-ND 3.0;;SR.de;https://www.sr.de
SaarlandempfängtSpecialOlympicSportler.txt;Saarland empfängt Special Olympic-Sportler;;;https://www.sr.de/sr/home/nachrichten/nachrichten_einfach/ne_saarland_special_olympics_100.html;CC BY-NC-ND 3.0;;SR.de;https://www.sr.de
VieleMenschenhabendenSRTatortgesehen.txt;Viele Menschen haben den SR-Tatort gesehen;;;https://www.sr.de/sr/home/nachrichten/nachrichten_einfach/ne_sr-tatort_zuschauer_100.html;CC BY-NC-ND 3.0;;SR.de;https://www.sr.de
NeuerSpendenrekordfürdieHerzenssache.txt;Neuer Spendenrekord für die Herzenssache;;;https://www.sr.de/sr/home/nachrichten/nachrichten_einfach/ne_spendenrekord_herzenssache_100.html;CC BY-NC-ND 3.0;;SR.de;https://www.sr.de
MehrFlüchtlingewohneninOrtenundStädten.txt;Mehr Flüchtlinge wohnen in Orten und Städten;;;https://www.sr.de/sr/home/nachrichten/nachrichten_einfach/ne_fluechtlinge_wohnungen_100.html;CC BY-NC-ND 3.0;;SR.de;https://www.sr.de
SRModeratorJörgGehlengestorben.txt;SR-Moderator Jörg Gehlen gestorben;;;https://www.sr.de/sr/home/nachrichten/nachrichten_einfach/ne_joerg_gehlen_ist_tot_100.html;CC BY-NC-ND 3.0;;SR.de;https://www.sr.de
NeueRegelnfürGeneseneimSaarland.txt;Neue Regeln für Genesene im Saarland;;;https://www.sr.de/sr/home/nachrichten/nachrichten_einfach/ne_corona_regeln_100.html;CC BY-NC-ND 3.0;;SR.de;https://www.sr.de
ImmermehrMenschensteckensichmitCoronaan.txt;Immer mehr Menschen stecken sich mit Corona an;;;https://www.sr.de/sr/home/nachrichten/nachrichten_einfach/ne_corona_zahlen_100.html;CC BY-NC-ND 3.0;;SR.de;https://www.sr.de
ÄnderungenbeiGeimpftenmitJohnsonJohnson.txt;Änderungen bei Geimpften mit Johnson & Johnson;;;https://www.sr.de/sr/home/nachrichten/nachrichten_einfach/ne_impfung_johnsohn-und-johnson_100.html;CC BY-NC-ND 3.0;;SR.de;https://www.sr.de
KinderinKitassollenauchFranzösischsprechen.txt;Kinder in Kitas sollen auch Französisch sprechen;;;https://www.sr.de/sr/home/nachrichten/nachrichten_einfach/ne_franzoesisch_in_kitas_100.html;CC BY-NC-ND 3.0;;SR.de;https://www.sr.de
Bahnhöfesollenbarrierefreiwerden.txt;Bahnhöfe sollen barrierefrei werden;;;https://www.sr.de/sr/home/nachrichten/nachrichten_einfach/ne_bahnhoefe_barrierefrei_100.html;CC BY-NC-ND 3.0;;SR.de;https://www.sr.de
ImpfenohneTerminindenImpfzentren.txt;Impfen ohne Termin in den Impfzentren;;;https://www.sr.de/sr/home/nachrichten/nachrichten_einfach/ne_corona_impfung_ohne_termin_100.html;CC BY-NC-ND 3.0;;SR.de;https://www.sr.de
DemonstrationgegenImpfpflicht.txt;Demonstration gegen Impfpflicht;;;https://www.sr.de/sr/home/nachrichten/nachrichten_einfach/ne_demonstration_gegen_corona_politik_100.html;CC BY-NC-ND 3.0;;SR.de;https://www.sr.de
ErstesFreitagsgebetinneuerMoschee.txt;Erstes Freitagsgebet in neuer Moschee;;;https://www.sr.de/sr/home/nachrichten/nachrichten_einfach/ne_erstes_freitagsgebet_in_moschee_in_sulzbach_100.html;CC BY-NC-ND 3.0;;SR.de;https://www.sr.de
ErmittlungenwegengefälschterImpfpässe.txt;Ermittlungen wegen gefälschter Impfpässe;;;https://www.sr.de/sr/home/nachrichten/nachrichten_einfach/ne_ermittlungen_wegen_gefaelschter_impfpaesse_100.html;CC BY-NC-ND 3.0;;SR.de;https://www.sr.de
TicketverkauffürMaxOphülsFestival.txt;Ticketverkauf für Max-Ophüls-Festival;;;https://www.sr.de/sr/home/nachrichten/nachrichten_einfach/ne_ticketverkauf_fuer_max_ophuels_festival_gestartet_100.html;CC BY-NC-ND 3.0;;SR.de;https://www.sr.de
CDUimSaarlandwillAbiturnach9Jahren.txt;CDU im Saarland will Abitur nach 9 Jahren ;;;https://www.sr.de/sr/home/nachrichten/nachrichten_einfach/ne_cdu_will_zurueck_zu_g9_100.html;CC BY-NC-ND 3.0;;SR.de;https://www.sr.de
PreiseimSaarlandimDezemberstarkgestiegen.txt;Preise im Saarland im Dezember stark gestiegen. ;;;https://www.sr.de/sr/home/nachrichten/nachrichten_einfach/ne_preise_im_saarland_start_gestiegen_inflation_100.html;CC BY-NC-ND 3.0;;SR.de;https://www.sr.de
ZweiTotebeiBrandinAltenheim.txt;Zwei Tote bei Brand in Altenheim;;;https://www.sr.de/sr/home/nachrichten/nachrichten_einfach/ne_zwei_tote_bei_brand_in_altenheim_100.html;CC BY-NC-ND 3.0;;SR.de;https://www.sr.de
VieleCoronaFälleinSanktWendel.txt;Viele Corona-Fälle in Sankt Wendel;;;https://www.sr.de/sr/home/nachrichten/nachrichten_einfach/ne_corona_st-wendel_100.html;CC BY-NC-ND 3.0;;SR.de;https://www.sr.de
SaarbrückenwillTempo30.txt;Saarbrücken will Tempo 30;;;https://www.sr.de/sr/home/nachrichten/nachrichten_einfach/ne_saarbruecken_tempo_30_100.html;CC BY-NC-ND 3.0;;SR.de;https://www.sr.de
StarkerRegenimSaarland.txt;Starker Regen im Saarland;;;https://www.sr.de/sr/home/nachrichten/nachrichten_einfach/ne_hochwasser_106.html;CC BY-NC-ND 3.0;;SR.de;https://www.sr.de
Vögelsollengezähltwerden.txt;Vögel sollen gezählt werden;;;https://www.sr.de/sr/home/nachrichten/nachrichten_einfach/ne_vogelzaehlung_100.html;CC BY-NC-ND 3.0;;SR.de;https://www.sr.de
DennisErdmannverlässtden1FCSaarbrücken.txt;Dennis Erdmann verlässt den 1. FC Saarbrücken;;;https://www.sr.de/sr/home/nachrichten/nachrichten_einfach/ne_erdmann_verlaesst_fcs_100.html;CC BY-NC-ND 3.0;;SR.de;https://www.sr.de
SternsingerimSaarland.txt;Sternsinger im Saarland;;;https://www.sr.de/sr/home/nachrichten/nachrichten_einfach/ne_sternsinger_100.html;CC BY-NC-ND 3.0;;SR.de;https://www.sr.de
AuchJugendlichedürfenzurBoosterImpfung.txt;Auch Jugendliche dürfen zur Booster-Impfung;;;https://www.sr.de/sr/home/nachrichten/nachrichten_einfach/ne_jugendliche_booster-Impfung_100.html;CC BY-NC-ND 3.0;;SR.de;https://www.sr.de
2GRegelgiltweiterfürvieleGeschäfte.txt;2G-Regel gilt weiter für viele Geschäfte;;;https://www.sr.de/sr/home/nachrichten/nachrichten_einfach/ne_2g-regel_geschaefte_100.html;CC BY-NC-ND 3.0;;SR.de;https://www.sr.de
DemosgegenCoronaregeln.txt;Demos gegen Coronaregeln;;;https://www.sr.de/sr/home/nachrichten/nachrichten_einfach/ne_demos_gegen_coronaregeln_100.html;CC BY-NC-ND 3.0;;SR.de;https://www.sr.de
ClemensbeiDartsWMausgeschieden.txt;Clemens bei Darts-WM ausgeschieden;;;https://www.sr.de/sr/home/nachrichten/nachrichten_einfach/ne_clemens_darts-wm_100.html;CC BY-NC-ND 3.0;;SR.de;https://www.sr.de
3LottoMillionärimSaarland.txt;3. Lotto-Millionär im Saarland;;;https://www.sr.de/sr/home/nachrichten/nachrichten_einfach/ne_lotto-millionaer_100.html;CC BY-NC-ND 3.0;;SR.de;https://www.sr.de
StrengereCoronaregelnanSilvester.txt;Strengere Coronaregeln an Silvester;;;https://www.sr.de/sr/home/nachrichten/nachrichten_einfach/ne_coronaregeln_102.html;CC BY-NC-ND 3.0;;SR.de;https://www.sr.de
ExplosionineinemHausinNeunkirchen.txt;Explosion in einem Haus in Neunkirchen;;;https://www.sr.de/sr/home/nachrichten/nachrichten_einfach/ne_explosion_neunkirchen_100.html;CC BY-NC-ND 3.0;;SR.de;https://www.sr.de
Boosterimpfungnach3Monaten.txt;Boosterimpfung nach 3 Monaten;;;https://www.sr.de/sr/home/nachrichten/nachrichten_einfach/ne_booster_impfung_3_monate_100.html;CC BY-NC-ND 3.0;;SR.de;https://www.sr.de
VieleTerminezumImpfenimSaarland.txt;Viele Termine zum Impfen im Saarland;;;https://www.sr.de/sr/home/nachrichten/nachrichten_einfach/ne_viele_impftermine_100.html;CC BY-NC-ND 3.0;;SR.de;https://www.sr.de
OmikronfälleimSaarland.txt;Omikronfälle im Saarland;;;https://www.sr.de/sr/home/nachrichten/nachrichten_einfach/ne_omikron_100.html;CC BY-NC-ND 3.0;;SR.de;https://www.sr.de
NeueCoronaregelnabDienstag.txt;Neue Coronaregeln ab Dienstag;;;https://www.sr.de/sr/home/nachrichten/nachrichten_einfach/ne_neue_coronaregeln_112.html;CC BY-NC-ND 3.0;;SR.de;https://www.sr.de
Sportlerinnenausgezeichnet.txt;Sportlerinnen ausgezeichnet;;;https://www.sr.de/sr/home/nachrichten/nachrichten_einfach/ne_sportlerinnen_wahl_100.html;CC BY-NC-ND 3.0;;SR.de;https://www.sr.de
Mannzwischen2Autoseingeklemmt.txt;Mann zwischen 2 Autos eingeklemmt;;;https://www.sr.de/sr/home/nachrichten/nachrichten_einfach/ne_unfall_mann_eingeklemmt_100.html;CC BY-NC-ND 3.0;;SR.de;https://www.sr.de
GaspreisesteigenimSaarland.txt;Gaspreise steigen im Saarland;;;https://www.sr.de/sr/home/nachrichten/nachrichten_einfach/ne_gaspreise_steigen_100.html;CC BY-NC-ND 3.0;;SR.de;https://www.sr.de
Kältebushatwiedergeöffnet.txt;Kältebus hat wieder geöffnet;;;https://www.sr.de/sr/home/nachrichten/nachrichten_einfach/ne_kaeltebus_saarbruecken_oeffnet_100.html;CC BY-NC-ND 3.0;;SR.de;https://www.sr.de
FriedenslichtimSaarlandangekommen.txt;Friedenslicht im Saarland angekommen;;;https://www.sr.de/sr/home/nachrichten/nachrichten_einfach/ne_friedenslicht_saarland_100.html;CC BY-NC-ND 3.0;;SR.de;https://www.sr.de
ImpfzentruminSaarbrückenöffnetfrüher.txt;Impfzentrum in Saarbrücken öffnet früher;;;https://www.sr.de/sr/home/nachrichten/nachrichten_einfach/ne_impfzentrum_sb_oeffnet_frueher_100.html;CC BY-NC-ND 3.0;;SR.de;https://www.sr.de
SaarlandbeginntmitKinderimpfungen.txt;Saarland beginnt mit Kinderimpfungen ;;;https://www.sr.de/sr/home/nachrichten/nachrichten_einfach/ne_start_kinderimpfungen_corona_saarland_100.html;CC BY-NC-ND 3.0;;SR.de;https://www.sr.de
VerkehrskreiselanderOstspangewiederfreigegeben.txt;Verkehrskreisel an der Ostspange wieder freigegeben;;;https://www.sr.de/sr/home/nachrichten/nachrichten_einfach/ne_ostkreisel_saarbruecken_geoeffnet_100.html;CC BY-NC-ND 3.0;;SR.de;https://www.sr.de
KeineTestpflichtmehrfürGeboosterte.txt;Keine Testpflicht mehr für Geboosterte;;;https://www.sr.de/sr/home/nachrichten/nachrichten_einfach/ne_testpflichtbefreiung_geboosterte_saarland_100.html;CC BY-NC-ND 3.0;;SR.de;https://www.sr.de
GrußbotschaftausdemWeltraum.txt;Grußbotschaft aus dem Weltraum;;;https://www.sr.de/sr/home/nachrichten/nachrichten_einfach/ne_grussbotschaft_astronaut_maurer_saarland_100.html;CC BY-NC-ND 3.0;;SR.de;https://www.sr.de
TestbescheinigungfürSchülerbaldungültig.txt;Testbescheinigung für Schüler bald ungültig;;;https://www.sr.de/sr/home/nachrichten/nachrichten_einfach/ne_schueler_testbescheinigungen_100.html;CC BY-NC-ND 3.0;;SR.de;https://www.sr.de
FalscheImpfpässeimSaarland.txt;Falsche Impfpässe im Saarland;;;https://www.sr.de/sr/home/nachrichten/nachrichten_einfach/ne_falsche_impfpaesse_100.html;CC BY-NC-ND 3.0;;SR.de;https://www.sr.de
NeueBundesregierungohneSaarländer.txt;Neue Bundesregierung ohne Saarländer;;;https://www.sr.de/sr/home/nachrichten/nachrichten_einfach/ne_bundesregierung_ohne_saarlaender_100.html;CC BY-NC-ND 3.0;;SR.de;https://www.sr.de
TrainerdesFCHomburgbleibtlänger.txt;Trainer des FC Homburg bleibt länger;;;https://www.sr.de/sr/home/nachrichten/nachrichten_einfach/ne_trainer_fc_homburg_100.html;CC BY-NC-ND 3.0;;SR.de;https://www.sr.de
BriefeandenNikolaus.txt;Briefe an den Nikolaus;;;https://www.sr.de/sr/home/nachrichten/nachrichten_einfach/ne_briefe_nikolaus_100.html;CC BY-NC-ND 3.0;;SR.de;https://www.sr.de
VieleBäumesindkrank.txt;Viele Bäume sind krank;;;https://www.sr.de/sr/home/nachrichten/nachrichten_einfach/ne_baeume_krank_100.html;CC BY-NC-ND 3.0;;SR.de;https://www.sr.de
SaarSportlerdesJahres.txt;Saar-Sportler des Jahres;;;https://www.sr.de/sr/home/nachrichten/nachrichten_einfach/ne_saarsportler_104.html;CC BY-NC-ND 3.0;;SR.de;https://www.sr.de
MehrschwerbehinderteMitarbeiter.txt;Mehr schwerbehinderte Mitarbeiter;;;https://www.sr.de/sr/home/nachrichten/nachrichten_einfach/ne_mehr_schwerbehinderte_mitarbeiter_100.html;CC BY-NC-ND 3.0;;SR.de;https://www.sr.de
StromundHeizensehrteuer.txt;Strom und Heizen sehr teuer;;;https://www.sr.de/sr/home/nachrichten/nachrichten_einfach/ne_stromkosten_heizkosten_100.html;CC BY-NC-ND 3.0;;SR.de;https://www.sr.de
CoronaRegelnnochstrenger.txt;Corona-Regeln noch strenger;;;https://www.sr.de/sr/home/nachrichten/nachrichten_einfach/ne_neue_coronaregeln_noch_strenger_100.html;CC BY-NC-ND 3.0;;SR.de;https://www.sr.de
Ausländerbehördehatsehrvielzutun.txt;Ausländerbehörde hat sehr viel zu tun;;;https://www.sr.de/sr/home/nachrichten/nachrichten_einfach/ne_auslaenderbehoerde_100.html;CC BY-NC-ND 3.0;;SR.de;https://www.sr.de
VölklingenbekommtFrauenhaus.txt;Völklingen bekommt Frauenhaus;;;https://www.sr.de/sr/home/nachrichten/nachrichten_einfach/ne_frauenhaus_voelklingen_100.html;CC BY-NC-ND 3.0;;SR.de;https://www.sr.de
SaarländerwürdenSPDwählen.txt;Saarländer würden SPD wählen ;;;https://www.sr.de/sr/home/nachrichten/nachrichten_einfach/ne_saarlandtrend_100.html;CC BY-NC-ND 3.0;;SR.de;https://www.sr.de
Impfzentrenöffnenwieder.txt;Impfzentren öffnen wieder;;;https://www.sr.de/sr/home/nachrichten/nachrichten_einfach/ne_impfzentren_neu_100.html;CC BY-NC-ND 3.0;;SR.de;https://www.sr.de
GrüneimSaarlandhabenneuenVorsitz.txt;Grüne im Saarland haben neuen Vorsitz;;;https://www.sr.de/sr/home/nachrichten/nachrichten_einfach/ne_gruene_vorsitz_100.html;CC BY-NC-ND 3.0;;SR.de;https://www.sr.de
VieleSpendenfürdieHerzenssache.txt;Viele Spenden für die "Herzenssache";;;https://www.sr.de/sr/home/nachrichten/nachrichten_einfach/ne_spenden_herzenssache_100.html;CC BY-NC-ND 3.0;;SR.de;https://www.sr.de
ManninNalbachgetötet.txt;Mann in Nalbach getötet;;;https://www.sr.de/sr/home/nachrichten/nachrichten_einfach/ne_mann_getoetet_nalbach_100.html;CC BY-NC-ND 3.0;;SR.de;https://www.sr.de
VieleWeihnachtsmärktefallenaus.txt;Viele Weihnachtsmärkte fallen aus;;;https://www.sr.de/sr/home/nachrichten/nachrichten_einfach/ne_weihnachtsmaerkte_100.html;CC BY-NC-ND 3.0;;SR.de;https://www.sr.de
NeueCoronaRegelnimSaarland.txt;Neue Corona-Regeln im Saarland;;;https://www.sr.de/sr/home/nachrichten/nachrichten_einfach/ne_neue_coronaregeln_106.html;CC BY-NC-ND 3.0;;SR.de;https://www.sr.de
Impfzentrenöffnenwieder.txt;Impfzentren öffnen wieder;;;https://www.sr.de/sr/home/nachrichten/nachrichten_einfach/ne_impfzentren_oeffnen_wieder_100.html;CC BY-NC-ND 3.0;;SR.de;https://www.sr.de
SchülerundLehrersollenwiederMasketragen.txt;Schüler und Lehrer sollen wieder Maske tragen;;;https://www.sr.de/sr/home/nachrichten/nachrichten_einfach/ne_maskenpflicht_in_schulen_100.html;CC BY-NC-ND 3.0;;SR.de;https://www.sr.de
CoronatestsundImpfausweisegefälscht.txt;Coronatests und Impfausweise gefälscht;;;https://www.sr.de/sr/home/nachrichten/nachrichten_einfach/ne_gefaelschte_coronazertifikate_100.html;CC BY-NC-ND 3.0;;SR.de;https://www.sr.de
VieleWeihnachtsmärkteabgesagt.txt;Viele Weihnachtsmärkte abgesagt;;;https://www.sr.de/sr/home/nachrichten/nachrichten_einfach/ne_viele_weihnachtsmaerkte_abgesagt_100.html;CC BY-NC-ND 3.0;;SR.de;https://www.sr.de
DartsSpielerClemensausgeschieden.txt;Darts-Spieler Clemens ausgeschieden;;;https://www.sr.de/sr/home/nachrichten/nachrichten_einfach/ne_darts-spieler_clemens_ausgeschieden_100.html;CC BY-NC-ND 3.0;;SR.de;https://www.sr.de
Coronazahlensohochwienochnie.txt;Coronazahlen so hoch wie noch nie;;;https://www.sr.de/sr/home/nachrichten/nachrichten_einfach/ne_coronazahlen_so_hoch_wie_nie_100.html;CC BY-NC-ND 3.0;;SR.de;https://www.sr.de
ArzthelferinwollteihreGroßmuttertöten.txt;Arzthelferin wollte ihre Großmutter töten;;;https://www.sr.de/sr/home/nachrichten/nachrichten_einfach/ne_arzthelferin_verurteilt_100.html;CC BY-NC-ND 3.0;;SR.de;https://www.sr.de
Coronazahlensteigenstarkan.txt;Coronazahlen steigen stark an;;;https://www.sr.de/sr/home/nachrichten/nachrichten_einfach/ne_coronazahlen_steigen_stark_an_100.html;CC BY-NC-ND 3.0;;SR.de;https://www.sr.de
FavoritenimSaarlandpokalsindeineRundeweiter.txt;Favoriten im Saarlandpokal sind eine Runde weiter;;;https://www.sr.de/sr/home/nachrichten/nachrichten_einfach/ne_favoriten_im_saarlandpokal_sind_eine_runde_weiter_100.html;CC BY-NC-ND 3.0;;SR.de;https://www.sr.de
IllingerBürgermeisterverlässtdieCDU.txt;Illinger Bürgermeister verlässt die CDU;;;https://www.sr.de/sr/home/nachrichten/nachrichten_einfach/ne_illinger_buergermeister_verlaesst_cdu_100.html;CC BY-NC-ND 3.0;;SR.de;https://www.sr.de
ErsterSaarländerimWeltraum.txt;Erster Saarländer im Weltraum;;;https://www.sr.de/sr/home/nachrichten/nachrichten_einfach/ne_erster_saarlaender_im_weltraum_100.html;CC BY-NC-ND 3.0;;SR.de;https://www.sr.de
GeldautomateninFurpachundWadgassengesprengt.txt;Geldautomaten in Furpach und Wadgassen gesprengt;;;https://www.sr.de/sr/home/nachrichten/nachrichten_einfach/ne_geldautomaten_in_furpach_und_wadgassen_gesprengt_100.html;CC BY-NC-ND 3.0;;SR.de;https://www.sr.de
BundderSteuerzahlerkritisiertGeldverschwendungimSaarland.txt;Bund der Steuerzahler kritisiert Geldverschwendung im Saarland;;;https://www.sr.de/sr/home/nachrichten/nachrichten_einfach/ne_bund_der_steuerzahler_kritisiert_geldverschwendung_im_saarland_100.html;CC BY-NC-ND 3.0;;SR.de;https://www.sr.de
HansundRehlingersindSpitzenkandidatenfürdieLandtagswahl.txt;Hans und Rehlinger sind Spitzenkandidaten für die Landtagswahl;;;https://www.sr.de/sr/home/nachrichten/nachrichten_einfach/ne_hans_und_rehlinger_sind_spitzenkandidaten_fuer_die_landtagswahl_100.html;CC BY-NC-ND 3.0;;SR.de;https://www.sr.de
LollitestsinSchulenundKitas.txt;Lollitests in Schulen und Kitas;;;https://www.sr.de/sr/home/nachrichten/nachrichten_einfach/ne_lollitests_100.html;CC BY-NC-ND 3.0;;SR.de;https://www.sr.de
Weltraumflugmussverschobenwerden.txt;Weltraumflug muss verschoben werden;;;https://www.sr.de/sr/home/nachrichten/nachrichten_einfach/ne_maurer_start_verschoben_100.html;CC BY-NC-ND 3.0;;SR.de;https://www.sr.de
ToterbeiUnfallmitSaarbahn.txt;Toter bei Unfall mit Saarbahn;;;https://www.sr.de/sr/home/nachrichten/nachrichten_einfach/ne_unfall_saarbahn_100.html;CC BY-NC-ND 3.0;;SR.de;https://www.sr.de
Impfzentrenbleibengeschlossen.txt;Impfzentren bleiben geschlossen;;;https://www.sr.de/sr/home/nachrichten/nachrichten_einfach/ne_impfzentren_bleiben_zu_100.html;CC BY-NC-ND 3.0;;SR.de;https://www.sr.de
KeineVerschärfungderCoronaregeln.txt;Keine Verschärfung der Coronaregeln;;;https://www.sr.de/sr/home/nachrichten/nachrichten_einfach/ne_keine_neuen_coronaregeln_100.html;CC BY-NC-ND 3.0;;SR.de;https://www.sr.de
AbJanuarfahreninVölklingenElektrobusse.txt;Ab Januar fahren in Völklingen Elektrobusse;;;https://www.sr.de/sr/home/nachrichten/nachrichten_einfach/ne_elektrobusse_voelklingen_100.html;CC BY-NC-ND 3.0;;SR.de;https://www.sr.de
SaarländerfliegtindenWeltraum.txt;Saarländer fliegt in den Weltraum;;;https://www.sr.de/sr/home/nachrichten/nachrichten_einfach/ne_saarlaender_fliegt_in_den_weltraum_100.html;CC BY-NC-ND 3.0;;SR.de;https://www.sr.de
CoronaRegelnwerdenweitergelockert.txt;Corona-Regeln werden weiter gelockert;;;https://www.sr.de/sr/home/nachrichten/nachrichten_einfach/ne_corona_weitere_lockerungen_100.html;CC BY-NC-ND 3.0;;SR.de;https://www.sr.de
ExpertenprüfenMissbrauchsvorwürfe.txt;Experten prüfen Missbrauchsvorwürfe;;;https://www.sr.de/sr/home/nachrichten/nachrichten_einfach/ne_experten_pruefen_missbrauchsvorwuerfe_100.html;CC BY-NC-ND 3.0;;SR.de;https://www.sr.de
WarnungvordemKlimawandel.txt;Warnung vor dem Klimawandel;;;https://www.sr.de/sr/home/nachrichten/nachrichten_einfach/ne_experten_warnen_vor_klimawandel_100.html;CC BY-NC-ND 3.0;;SR.de;https://www.sr.de
DemogegenAnkerzentrum.txt;Demo gegen Ankerzentrum;;;https://www.sr.de/sr/home/nachrichten/nachrichten_einfach/ne_demo_gegen_ankerzentrum_100.html;CC BY-NC-ND 3.0;;SR.de;https://www.sr.de
HilfslinienamBodenmitFehlern.txt;Hilfslinien am Boden mit Fehlern;;;https://www.sr.de/sr/home/nachrichten/nachrichten_einfach/ne_hilfslinien_boden_fehler_100.html;CC BY-NC-ND 3.0;;SR.de;https://www.sr.de
ComputerangriffaufEberspächer.txt;Computerangriff auf Eberspächer;;;https://www.sr.de/sr/home/nachrichten/nachrichten_einfach/ne_computer_angriff_auf_eberspaecher_100.html;CC BY-NC-ND 3.0;;SR.de;https://www.sr.de
WMSilberfürPaulineSchäferBetz.txt;WM-Silber für Pauline Schäfer-Betz;;;https://www.sr.de/sr/home/nachrichten/nachrichten_einfach/ne_wm-silber_fuer_pauline_schaefer-betz_100.html;CC BY-NC-ND 3.0;;SR.de;https://www.sr.de
ZuwenigePlätze.txt;Zu wenige Plätze;;;https://www.sr.de/sr/home/nachrichten/nachrichten_einfach/ne_zu_wenige_plaetze_100.html;CC BY-NC-ND 3.0;;SR.de;https://www.sr.de
WiederanderUniversität.txt;Wieder an der Universität;;;https://www.sr.de/sr/home/nachrichten/nachrichten_einfach/ne_semesterstart_an_der_universitaet_100.html;CC BY-NC-ND 3.0;;SR.de;https://www.sr.de
SturmimSaarland.txt;Sturm im Saarland;;;https://www.sr.de/sr/home/nachrichten/nachrichten_einfach/ne_sturm_im_saarland_100.html;CC BY-NC-ND 3.0;;SR.de;https://www.sr.de
FlugzeugeinHahnstartenweiter.txt;Flugzeuge in Hahn starten weiter;;;https://www.sr.de/sr/home/nachrichten/nachrichten_einfach/ne_flugzeuge_in_hahn_starten_weiter_100.html;CC BY-NC-ND 3.0;;SR.de;https://www.sr.de
JugendlicherstirbtbeiUnfall.txt;Jugendlicher stirbt bei Unfall;;;https://www.sr.de/sr/home/nachrichten/nachrichten_einfach/ne_jugendlicher_stirbt_bei_unfall_100.html;CC BY-NC-ND 3.0;;SR.de;https://www.sr.de
WeiterStreitinderSaarAfD.txt;Weiter Streit in der Saar-AfD;;;https://www.sr.de/sr/home/nachrichten/nachrichten_einfach/ne_weiter_streit_in_saar-afd_100.html;CC BY-NC-ND 3.0;;SR.de;https://www.sr.de
FarkfindetkünftiginLosheimstatt.txt;"Fark" findet künftig in Losheim statt;;;https://www.sr.de/sr/home/nachrichten/nachrichten_einfach/ne_fark_zieht_nach_losheim_100.html;CC BY-NC-ND 3.0;;SR.de;https://www.sr.de
WerbekommtweiterhinkostenloseCoronatests.txt;Wer bekommt weiterhin kostenlose Coronatests?;;;https://www.sr.de/sr/home/nachrichten/nachrichten_einfach/ne_wer_bekommt_weiter_kostenlose_corona-tests_100.html;CC BY-NC-ND 3.0;;SR.de;https://www.sr.de
CoronaRegelnwerdenweitergelockert.txt;Corona-Regeln werden weiter gelockert;;;https://www.sr.de/sr/home/nachrichten/nachrichten_einfach/ne_corona_regeln_werden_gelockert_104.html;CC BY-NC-ND 3.0;;SR.de;https://www.sr.de
KrampKarrenbauerundAltmaierziehensichzurück.txt;Kramp-Karrenbauer und Altmaier ziehen sich zurück;;;https://www.sr.de/sr/home/nachrichten/nachrichten_einfach/ne_akk_und_altmaier_rueckzug_100.html;CC BY-NC-ND 3.0;;SR.de;https://www.sr.de
WiegehtesweitermitderHaselerMühle.txt;Wie geht es weiter mit der Haseler Mühle?;;;https://www.sr.de/sr/home/nachrichten/nachrichten_einfach/ne_haseler_muehle_100.html;CC BY-NC-ND 3.0;;SR.de;https://www.sr.de
RingerHorstLehrgewinntBronzemedaillebeiWM.txt;Ringer Horst Lehr gewinnt Bronzemedaille bei WM;;;https://www.sr.de/sr/home/nachrichten/nachrichten_einfach/ne_ringer_gewinnt_bronze_100.html;CC BY-NC-ND 3.0;;SR.de;https://www.sr.de
10neueÄrztinnenundÄrzteausMexikoinSaarbrücken.txt;10 neue Ärztinnen und Ärzte aus Mexiko in Saarbrücken;;;https://www.sr.de/sr/home/nachrichten/nachrichten_einfach/ne_aerzte_aus_mexiko_100.html;CC BY-NC-ND 3.0;;SR.de;https://www.sr.de
MannnachMesserstichaneinerHaltestellegestorben.txt;Mann nach Messerstich an einer Haltestelle gestorben;;;https://www.sr.de/sr/home/nachrichten/nachrichten_einfach/ne_mann_niedergestochen_100.html;CC BY-NC-ND 3.0;;SR.de;https://www.sr.de
PatienteninArztpraxenmüssennichtgeimpftsein.txt;Patienten in Arztpraxen müssen nicht geimpft sein;;;https://www.sr.de/sr/home/nachrichten/nachrichten_einfach/ne_patienten_ungeimpft_100.html;CC BY-NC-ND 3.0;;SR.de;https://www.sr.de
TischtennisspielerPatrickFranziskamitseinemTeamEuropameister.txt;Tischtennisspieler Patrick Franziska mit seinem Team Europameister;;;https://www.sr.de/sr/home/nachrichten/nachrichten_einfach/ne_franziska_team-europameister_100.html;CC BY-NC-ND 3.0;;SR.de;https://www.sr.de
ElternmüssenSchädenanSchülerTabletsbezahlen.txt;Eltern müssen Schäden an Schüler-Tablets bezahlen;;;https://www.sr.de/sr/home/nachrichten/nachrichten_einfach/ne_versicherung_schueler_tablets_100.html;CC BY-NC-ND 3.0;;SR.de;https://www.sr.de
500MenschenfürJobsinRestaurantsundLokalengesucht.txt;500  Menschen für Jobs in Restaurants und Lokalen gesucht;;;https://www.sr.de/sr/home/nachrichten/nachrichten_einfach/ne_restaurants_suchen_mitarbeiter_100.html;CC BY-NC-ND 3.0;;SR.de;https://www.sr.de
SPDimSaarlandhatdiemeistenStimmenbekommen.txt;SPD im Saarland hat die meisten Stimmen bekommen;;;https://www.sr.de/sr/home/nachrichten/nachrichten_einfach/ne_spd_bekommt_bei_wahl_die_meisten_stimmen_100.html;CC BY-NC-ND 3.0;;SR.de;https://www.sr.de
VieleCoronaregelnwerdenimSaarlandgelockert.txt;Viele Coronaregeln werden im Saarland gelockert;;;https://www.sr.de/sr/home/nachrichten/nachrichten_einfach/ne_corona_regeln_werden_gelockert_100.html;CC BY-NC-ND 3.0;;SR.de;https://www.sr.de
KeineMaskenmehrinSchulen.txt;Keine Masken mehr in Schulen;;;https://www.sr.de/sr/home/nachrichten/nachrichten_einfach/ne_keine_maskenpflicht_mehr_innerhalb_des_schulunterrichts_100.html;CC BY-NC-ND 3.0;;SR.de;https://www.sr.de
LafontainewillnichtmehrindenLandtag.txt;Lafontaine will nicht mehr in den Landtag;;;https://www.sr.de/sr/home/nachrichten/nachrichten_einfach/ne_oskar_lafontaine_will_nicht_mehr_in_den_landtag_100.html;CC BY-NC-ND 3.0;;SR.de;https://www.sr.de
VieleMenschenbeiKlimaDemoinSaarbrücken.txt;Viele Menschen bei Klima-Demo in Saarbrücken;;;https://www.sr.de/sr/home/nachrichten/nachrichten_einfach/ne_viele_menschen_bei_klimademo_von_fff_in_saarbruecken_100.html;CC BY-NC-ND 3.0;;SR.de;https://www.sr.de
WasistmitPascalpassiert.txt;Was ist mit Pascal passiert?;;;https://www.sr.de/sr/home/nachrichten/nachrichten_einfach/ne_der_fall_pascal_100.html;CC BY-NC-ND 3.0;;SR.de;https://www.sr.de
VieleMenscheninSaarbrückenwarenohneStrom.txt;Viele Menschen in Saarbrücken waren ohne Strom;;;https://www.sr.de/sr/home/nachrichten/nachrichten_einfach/ne_stromausfall_in_saarbruecken_100.html;CC BY-NC-ND 3.0;;SR.de;https://www.sr.de
DemozumGedenkenanSamuelYeboah.txt;Demo zum Gedenken an Samuel Yeboah;;;https://www.sr.de/sr/home/nachrichten/nachrichten_einfach/ne_demonstration_yeboah_100.html;CC BY-NC-ND 3.0;;SR.de;https://www.sr.de
LisaKleinholtGoldmedaillebeiderStraßenradWM.txt;Lisa Klein holt Goldmedaille bei der Straßenrad-WM;;;https://www.sr.de/sr/home/nachrichten/nachrichten_einfach/ne_lisa_klein_wm-gold_100.html;CC BY-NC-ND 3.0;;SR.de;https://www.sr.de
FlügevonSaarbrückennachÄgypten.txt;Flüge von Saarbrücken nach Ägypten;;;https://www.sr.de/sr/home/nachrichten/nachrichten_einfach/ne_fluege_hurghada_100.html;CC BY-NC-ND 3.0;;SR.de;https://www.sr.de
SaarländerzüchtetRiesenKürbisimGarten.txt;Saarländer züchtet Riesen-Kürbis im Garten;;;https://www.sr.de/sr/home/nachrichten/nachrichten_einfach/ne_riesenkuerbis_100.html;CC BY-NC-ND 3.0;;SR.de;https://www.sr.de
MaskenpflichtfürSchülerwirdgelockert.txt;Maskenpflicht für Schüler wird gelockert;;;https://www.sr.de/sr/home/nachrichten/nachrichten_einfach/ne_maskenpflicht_schueler_saarland_100.html;CC BY-NC-ND 3.0;;SR.de;https://www.sr.de
KeinLohnersatzfürungeimpfteSaarländer.txt;Kein Lohnersatz für ungeimpfte Saarländer;;;https://www.sr.de/sr/home/nachrichten/nachrichten_einfach/ne_kein_lohnersatz_ungeimpfte_100.html;CC BY-NC-ND 3.0;;SR.de;https://www.sr.de
GedenkenanSamuelYeboah.txt;Gedenken an Samuel Yeboah;;;https://www.sr.de/sr/home/nachrichten/nachrichten_einfach/ne_gedenken_samuel_yeboah_100.html;CC BY-NC-ND 3.0;;SR.de;https://www.sr.de
UrteilgegenFußballSpieler.txt;Urteil gegen Fußball-Spieler;;;https://www.sr.de/sr/home/nachrichten/nachrichten_einfach/ne_dfb_sperrt_fcs_spieler_erdmann_wegen_rassismusvorwuerfen_100.html;CC BY-NC-ND 3.0;;SR.de;https://www.sr.de
DemonstrationinSaarlouis.txt;Demonstration in Saarlouis;;;https://www.sr.de/sr/home/nachrichten/nachrichten_einfach/ne_demo_ford_saarlouis_100.html;CC BY-NC-ND 3.0;;SR.de;https://www.sr.de
GeldfürKrankenhäuserimSaarland.txt;Geld für Krankenhäuser im Saarland;;;https://www.sr.de/sr/home/nachrichten/nachrichten_einfach/ne_krankenhausplan_saarland_100.html;CC BY-NC-ND 3.0;;SR.de;https://www.sr.de
SchülermüssenweiterhinMaskentragen.txt;Schüler müssen weiterhin Masken tragen;;;https://www.sr.de/sr/home/nachrichten/nachrichten_einfach/ne_maskenpflicht_schulen_saarland_100.html;CC BY-NC-ND 3.0;;SR.de;https://www.sr.de
KeinLohnersatzfürungeimpfteSaarländer.txt;Kein Lohnersatz für ungeimpfte Saarländer;;;https://www.sr.de/sr/home/nachrichten/nachrichten_einfach/ne_keine_lohnfortzahlung_ungeimpfte_quarantaene_saarland_100.html;CC BY-NC-ND 3.0;;SR.de;https://www.sr.de
SaarlandwillmehrStrommitWindundSonneerzeugen.txt;Saarland will mehr Strom mit Wind und Sonne erzeugen;;;https://www.sr.de/sr/home/nachrichten/nachrichten_einfach/ne_saarland_will_mehr_strom_mit_wind_und_sonne_erzeugen_100.html;CC BY-NC-ND 3.0;;SR.de;https://www.sr.de
AstronautMaurerverabschiedetsichausdemSaarland.txt;Astronaut Maurer verabschiedet sich aus dem Saarland;;;https://www.sr.de/sr/home/nachrichten/nachrichten_einfach/ne_astronaut_maurer_verabschiedet_sich_aus_dem_saarland_100.html;CC BY-NC-ND 3.0;;SR.de;https://www.sr.de
50JährigerinWebenheimgetötet.txt;50-Jähriger in Webenheim getötet;;;https://www.sr.de/sr/home/nachrichten/nachrichten_einfach/ne_50_Jaehriger_in_webenheim_getoetet_100.html;CC BY-NC-ND 3.0;;SR.de;https://www.sr.de
NeueCoronafälleüberwiegendbeiUngeimpften.txt;Neue Coronafälle überwiegend bei Ungeimpften;;;https://www.sr.de/sr/home/nachrichten/nachrichten_einfach/ne_neue_coronafaelle_ueberwiegend_bei_ungeimpften_100.html;CC BY-NC-ND 3.0;;SR.de;https://www.sr.de
NeueCoronaregelnfürSchulenundKitas.txt;Neue Coronaregeln für Schulen und Kitas;;;https://www.sr.de/sr/home/nachrichten/nachrichten_einfach/ne_neue_coronaregeln_fuer_schulen_und_kitas_100.html;CC BY-NC-ND 3.0;;SR.de;https://www.sr.de
AlleGrundschulkindersolleneinenGanztagsplatzbekommen.txt;Alle Grundschulkinder sollen einen Ganztagsplatz bekommen;;;https://www.sr.de/sr/home/nachrichten/nachrichten_einfach/ne_alle_grundschulkinder_sollen_einen_ganztagsplatz_bekommen_100.html;CC BY-NC-ND 3.0;;SR.de;https://www.sr.de
WanngelteninZukunftstrengeCoronaregeln.txt;Wann gelten in Zukunft strenge Coronaregeln?;;;https://www.sr.de/sr/home/nachrichten/nachrichten_einfach/ne_corona_krankenhauszahlen_100.html;CC BY-NC-ND 3.0;;SR.de;https://www.sr.de
LolliTestsanGrundschulenwerdengetestet.txt;Lolli-Tests an Grundschulen werden getestet;;;https://www.sr.de/sr/home/nachrichten/nachrichten_einfach/ne_lollitests_schulen_100.html;CC BY-NC-ND 3.0;;SR.de;https://www.sr.de
EinkaufenistimAugustteurergeworden.txt;Einkaufen ist im August teurer geworden;;;https://www.sr.de/sr/home/nachrichten/nachrichten_einfach/ne_einkaufen_teurer_100.html;CC BY-NC-ND 3.0;;SR.de;https://www.sr.de
ParalympicsNicoleitzik6beim100MeterRennen.txt;Paralympics: Nicoleitzik 6. beim 100-Meter-Rennen;;;https://www.sr.de/sr/home/nachrichten/nachrichten_einfach/ne__paralympics_ergebnisse_100.html;CC BY-NC-ND 3.0;;SR.de;https://www.sr.de
FalscheÄrztebetrügenamTelefon.txt;"Falsche Ärzte" betrügen am Telefon;;;https://www.sr.de/sr/home/nachrichten/nachrichten_einfach/ne_telefonbetrueger_104.html;CC BY-NC-ND 3.0;;SR.de;https://www.sr.de
SaarbahnwillkeinenRassismusinBussenundZügen.txt;Saarbahn will keinen Rassismus in Bussen und Zügen;;;https://www.sr.de/sr/home/nachrichten/nachrichten_einfach/ne_saarbahn_gegen_rassismus_100.html;CC BY-NC-ND 3.0;;SR.de;https://www.sr.de
MaskenpflichtfürSchülerimSaarland.txt;Maskenpflicht für Schüler im Saarland;;;https://www.sr.de/sr/home/nachrichten/nachrichten_einfach/ne_maskenpflicht_fuer_schueler_im_unterricht_100.html;CC BY-NC-ND 3.0;;SR.de;https://www.sr.de
MehrWarnSirenenfürdasSaarland.txt;Mehr WarnSirenen für das Saarland;;;https://www.sr.de/sr/home/nachrichten/nachrichten_einfach/ne_mehr_warnsirenen_fuer_das_saarland_100.html;CC BY-NC-ND 3.0;;SR.de;https://www.sr.de
WeiterePlätzefürOrtskräfteausAfghanistan.txt;Weitere Plätze für Ortskräfte aus Afghanistan;;;https://www.sr.de/sr/home/nachrichten/nachrichten_einfach/ne_weitere_plaetze_fuer_fluechtlinge_aus_afghanistan_100.html;CC BY-NC-ND 3.0;;SR.de;https://www.sr.de
NotfalldosekannLebenretten.txt;Notfalldose kann Leben retten;;;https://www.sr.de/sr/home/nachrichten/nachrichten_einfach/ne_notfalldose_kann_leben_retten_100.html;CC BY-NC-ND 3.0;;SR.de;https://www.sr.de
GroßbrandinHomburg.txt;Großbrand in Homburg;;;https://www.sr.de/sr/home/nachrichten/nachrichten_einfach/ne_grossbrand_in_homburg_100.html;CC BY-NC-ND 3.0;;SR.de;https://www.sr.de
ImpfzentrumLebachimpftmitImpfstoffvonJohnsonJohnson.txt;Impfzentrum Lebach impft mit Impfstoff von Johnson+Johnson;;;https://www.sr.de/sr/home/nachrichten/nachrichten_einfach/ne_impfung_lebach_impfen_johnson_und_johnson_100.html;CC BY-NC-ND 3.0;;SR.de;https://www.sr.de
SaarländischeSportlerbeidenParalympics.txt;Saarländische Sportler bei den Paralympics ;;;https://www.sr.de/sr/home/nachrichten/nachrichten_einfach/ne_saarlaendische_sportler_bei_den_paralympics_100.html;CC BY-NC-ND 3.0;;SR.de;https://www.sr.de
BriefwahlimSaarlandstartet.txt;Briefwahl im Saarland startet;;;https://www.sr.de/sr/home/nachrichten/nachrichten_einfach/ne_briefwahl_im_saarland_startet_100.html;CC BY-NC-ND 3.0;;SR.de;https://www.sr.de
WarnungvordemJapankäfer.txt;Warnung vor dem Japankäfer;;;https://www.sr.de/sr/home/nachrichten/nachrichten_einfach/ne_warnung_vor_dem_japankaefer_100.html;CC BY-NC-ND 3.0;;SR.de;https://www.sr.de
SaarlandnimmtMenschenausAfghanistanauf.txt;Saarland nimmt Menschen aus Afghanistan auf;;;https://www.sr.de/sr/home/nachrichten/nachrichten_einfach/ne_saarland_nimmt_ortskraefte_aus_afghanistan_auf_100.html;CC BY-NC-ND 3.0;;SR.de;https://www.sr.de
NeueCoronaRegelnfürSchülerimSaarland.txt;Neue Corona-Regeln für Schüler im Saarland;;;https://www.sr.de/sr/home/nachrichten/nachrichten_einfach/ne_neue_corona_regeln_im_saarland_fuer_schueler_100.html;CC BY-NC-ND 3.0;;SR.de;https://www.sr.de
ImpfterminefürStudenten.txt;Impftermine für Studenten;;;https://www.sr.de/sr/home/nachrichten/nachrichten_einfach/ne_impftermine_fuer_studenten_100.html;CC BY-NC-ND 3.0;;SR.de;https://www.sr.de
ProzessgegenAmokfahrervonTrier.txt;Prozess gegen Amokfahrer von Trier;;;https://www.sr.de/sr/home/nachrichten/nachrichten_einfach/ne_prozess_amokfahrt_trier_100.html;CC BY-NC-ND 3.0;;SR.de;https://www.sr.de
Coronaschnelltestsbaldnichtmehrfürallekostenlos.txt;Coronaschnelltests bald nicht mehr für alle kostenlos;;;https://www.sr.de/sr/home/nachrichten/nachrichten_einfach/ne_corona_schnelltests_bald_nicht_mehr_fuer_alle_kostenlos_100.html;CC BY-NC-ND 3.0;;SR.de;https://www.sr.de
WenigerCoronaimpfungenimSaarland.txt;Weniger Coronaimpfungen im Saarland;;;https://www.sr.de/sr/home/nachrichten/nachrichten_einfach/ne_weniger_coronaimpfungen_im_saarland_100.html;CC BY-NC-ND 3.0;;SR.de;https://www.sr.de
WenigMängelbeimSpeiseeisimSaarland.txt;Wenig Mängel beim Speiseeis im Saarland;;;https://www.sr.de/sr/home/nachrichten/nachrichten_einfach/ne_wenig_maengel_bei_speiseeis_im_saarland_100.html;CC BY-NC-ND 3.0;;SR.de;https://www.sr.de
GesunkenesSchiffinSchleusegeschleppt.txt;Gesunkenes Schiff in Schleuse geschleppt;;;https://www.sr.de/sr/home/nachrichten/nachrichten_einfach/ne_gesunkenes_schiff_in_schleuse_geschleppt_100.html;CC BY-NC-ND 3.0;;SR.de;https://www.sr.de
StreitumIntegrationshelfer.txt;Streit um Integrationshelfer;;;https://www.sr.de/sr/home/nachrichten/nachrichten_einfach/ne_streit_um_integrationshelfer_100.html;CC BY-NC-ND 3.0;;SR.de;https://www.sr.de
OlympiaSilberfürPatrickFranziska.txt;Olympia-Silber für Patrick Franziska;;;https://www.sr.de/sr/home/nachrichten/nachrichten_einfach/ne_olympia-silber_fuer_patrick_franziska_100.html;CC BY-NC-ND 3.0;;SR.de;https://www.sr.de
SVEimDFBPokalausgeschieden.txt;SVE im DFB-Pokal ausgeschieden;;;https://www.sr.de/sr/home/nachrichten/nachrichten_einfach/ne_sve_im_dfb_pokal_ausgeschieden_100.html;CC BY-NC-ND 3.0;;SR.de;https://www.sr.de
GrünenListeimSaarlandnichtwählbar.txt;Grünen-Liste im Saarland nicht wählbar;;;https://www.sr.de/sr/home/nachrichten/nachrichten_einfach/ne_landesliste_gruene_100.html;CC BY-NC-ND 3.0;;SR.de;https://www.sr.de
Bald3SpritzegegenCoronavirus.txt;Bald 3. Spritze gegen Coronavirus;;;https://www.sr.de/sr/home/nachrichten/nachrichten_einfach/ne_dritte_impfung_coronavirus_100.html;CC BY-NC-ND 3.0;;SR.de;https://www.sr.de
CoronaVerordnungimSaarlandverlängert.txt;Corona-Verordnung im Saarland verlängert;;;https://www.sr.de/sr/home/nachrichten/nachrichten_einfach/ne_corona_verordnung_im_saarland_verlaengert_100.html;CC BY-NC-ND 3.0;;SR.de;https://www.sr.de
AktionstaganderSaar.txt;Aktionstag an der Saar;;;https://www.sr.de/sr/home/nachrichten/nachrichten_einfach/ne_aktionstag_an_der_saar_100.html;CC BY-NC-ND 3.0;;SR.de;https://www.sr.de
GoldfürLisaKlein.txt;Gold für Lisa Klein;;;https://www.sr.de/sr/home/nachrichten/nachrichten_einfach/ne_goldmedaille_lisa_klein_olympia_100.html;CC BY-NC-ND 3.0;;SR.de;https://www.sr.de
AktionHerzenssachesammeltvielGeld.txt;Aktion Herzenssache sammelt viel Geld;;;https://www.sr.de/sr/home/nachrichten/nachrichten_einfach/ne_aktion_herzenssache_100.html;CC BY-NC-ND 3.0;;SR.de;https://www.sr.de
TheaterfestivalPerspectivesgehtweiter.txt;Theaterfestival Perspectives geht weiter;;;https://www.sr.de/sr/home/nachrichten/nachrichten_einfach/ne_theaterfestival_perspectives_geht_weiter_100.html;CC BY-NC-ND 3.0;;SR.de;https://www.sr.de
NeueSaisoninder3FußballLiga.txt;Neue Saison in der 3. Fußball-Liga;;;https://www.sr.de/sr/home/nachrichten/nachrichten_einfach/ne_neue_saison_in_der_dritten_fussball-liga_100.html;CC BY-NC-ND 3.0;;SR.de;https://www.sr.de
SaarSportlergehenbeiOlympialeeraus.txt;Saar-Sportler gehen bei Olympia leer aus;;;https://www.sr.de/sr/home/nachrichten/nachrichten_einfach/ne_saar-sportler_gehen_bei_olympia_leer_aus_100.html;CC BY-NC-ND 3.0;;SR.de;https://www.sr.de
SchiffBergungaufderSaar.txt;Schiff-Bergung auf der Saar;;;https://www.sr.de/sr/home/nachrichten/nachrichten_einfach/ne_schiff-bergung_auf_der_saar_100.html;CC BY-NC-ND 3.0;;SR.de;https://www.sr.de
NochmehrSchuldenwegenCorona.txt;Noch mehr Schulden wegen Corona;;;https://www.sr.de/sr/home/nachrichten/nachrichten_einfach/ne_noch_mehr_schulden_wegen_corona_100.html;CC BY-NC-ND 3.0;;SR.de;https://www.sr.de
CoronaImpfungimEinkaufszentrum.txt;Corona-Impfung im Einkaufszentrum;;;https://www.sr.de/sr/home/nachrichten/nachrichten_einfach/ne_corona-impfung_im_einkaufszentrum_100.html;CC BY-NC-ND 3.0;;SR.de;https://www.sr.de
PolizeifindetvieleDrogen.txt;Polizei findet viele Drogen;;;https://www.sr.de/sr/home/nachrichten/nachrichten_einfach/ne_polizei_findet_viele_drogen_100.html;CC BY-NC-ND 3.0;;SR.de;https://www.sr.de
HilfeausdemSaarland.txt;Hilfe aus dem Saarland;;;https://www.sr.de/sr/home/nachrichten/nachrichten_einfach/ne_hilfe_aus_dem_saarland_100.html;CC BY-NC-ND 3.0;;SR.de;https://www.sr.de
UngewöhnlicherEinsatzfürdiePolizei.txt;Ungewöhnlicher Einsatz für die Polizei;;;https://www.sr.de/sr/home/nachrichten/nachrichten_einfach/ne_ungewoehnlicher_einsatz_fuer_die_polizei_100.html;CC BY-NC-ND 3.0;;SR.de;https://www.sr.de
LeoKornbrustgestorben.txt;Leo Kornbrust gestorben;;;https://www.sr.de/sr/home/nachrichten/nachrichten_einfach/ne_leo_kornbrust_gestorben_100.html;CC BY-NC-ND 3.0;;SR.de;https://www.sr.de
NeuerWeltrekordfürJanFrodeno.txt;Neuer Weltrekord für Jan Frodeno;;;https://www.sr.de/sr/home/nachrichten/nachrichten_einfach/ne_neuer_weltrekord_fuer_jan_frodeno_100.html;CC BY-NC-ND 3.0;;SR.de;https://www.sr.de
WiedermehrCoronaInfektionen.txt;Wieder mehr Corona-Infektionen;;;https://www.sr.de/sr/home/nachrichten/nachrichten_einfach/ne_wieder_mehr_corona-infektionen_100.html;CC BY-NC-ND 3.0;;SR.de;https://www.sr.de
JeanneDillschneideristSpitzenkandidatinderGrünen.txt;Jeanne Dillschneider ist Spitzenkandidatin der Grünen ;;;https://www.sr.de/sr/home/nachrichten/nachrichten_einfach/ne_jeanne_dillschneider_ist_spitzenkandidatin_der_gruenen_100.html;CC BY-NC-ND 3.0;;SR.de;https://www.sr.de
GasometerinNeunkirchengesprengt.txt;Gasometer in Neunkirchen gesprengt;;;https://www.sr.de/sr/home/nachrichten/nachrichten_einfach/ne_gasometer_gesprengt_100.html;CC BY-NC-ND 3.0;;SR.de;https://www.sr.de
VieleFunklöcherimSaarland.txt;Viele Funklöcher im Saarland;;;https://www.sr.de/sr/home/nachrichten/nachrichten_einfach/ne_funkloecher_saarland100.html;CC BY-NC-ND 3.0;;SR.de;https://www.sr.de
FirmenbeschäftigennichtgenugSchwerbehinderte.txt;Firmen beschäftigen nicht genug Schwerbehinderte;;;https://www.sr.de/sr/home/nachrichten/nachrichten_einfach/ne_firmen_schwerbehinderte100.html;CC BY-NC-ND 3.0;;SR.de;https://www.sr.de
StädteundGemeindensollenSchuldenzurückzahlen.txt;Städte und Gemeinden sollen Schulden zurückzahlen;;;https://www.sr.de/sr/home/nachrichten/nachrichten_einfach/ne_gemeinden_schulden100.html;CC BY-NC-ND 3.0;;SR.de;https://www.sr.de
VieleGaststättensinddreckig.txt;Viele Gaststätten sind dreckig;;;https://www.sr.de/sr/home/nachrichten/nachrichten_einfach/ne_restaurants_dreckig100.html;CC BY-NC-ND 3.0;;SR.de;https://www.sr.de
800GästeanHeiligabendimEWerk.txt;800 Gäste an Heiligabend im E-Werk;;;https://www.sr.de/sr/home/nachrichten/nachrichten_einfach/ne_weihnachten_einsam100.html;CC BY-NC-ND 3.0;;SR.de;https://www.sr.de
BlitzeralsZuckerstangenverkleidet.txt;Blitzer als Zuckerstangen verkleidet;;;https://www.sr.de/sr/home/nachrichten/nachrichten_einfach/ne_blitzer_zuckerstangen100.html;CC BY-NC-ND 3.0;;SR.de;https://www.sr.de
VielejungeMenschenverlassendasSaarland.txt;Viele junge Menschen verlassen das Saarland;;;https://www.sr.de/sr/home/nachrichten/nachrichten_einfach/ne_bevoelkerung_saarland100.html;CC BY-NC-ND 3.0;;SR.de;https://www.sr.de
FCSgewinntgegenFCHimSaarlandpokal.txt;FCS gewinnt gegen FCH im Saarlandpokal;;;https://www.sr.de/sr/home/nachrichten/nachrichten_einfach/ne_fcs_gewinnt_gegen_fch_im_saarlandpokal100.html;CC BY-NC-ND 3.0;;SR.de;https://www.sr.de
ManngibtMordanSohnundSchwiegersohnzu.txt;Mann gibt Mord an Sohn und Schwiegersohn zu;;;https://www.sr.de/sr/home/nachrichten/nachrichten_einfach/ne_mann_gesteht_mord_an_sohn_und_schwiegerssohn100.html;CC BY-NC-ND 3.0;;SR.de;https://www.sr.de
UrteilimProzessumToteninderSaar.txt;Urteil im Prozess um Toten in der Saar;;;https://www.sr.de/sr/home/nachrichten/nachrichten_einfach/urteil_im_prozess_um_toten_in_der_saar100.html;CC BY-NC-ND 3.0;;SR.de;https://www.sr.de
AbgeordnetersprichtimLandtagineinfacherSprache.txt;Abgeordneter spricht im Landtag in einfacher Sprache;;;https://www.sr.de/sr/home/nachrichten/nachrichten_einfach/politiker_spricht_in_einfacher_sprache100.html;CC BY-NC-ND 3.0;;SR.de;https://www.sr.de
FlüchtlingebereitensichaufStudiumvor.txt;Flüchtlinge bereiten sich auf Studium vor;;;https://www.sr.de/sr/home/nachrichten/nachrichten_einfach/fluechtlinge_bereiten_sich_auf_studium_vor100.html;CC BY-NC-ND 3.0;;SR.de;https://www.sr.de
StädteundGemeindenbekommenmehrGeld.txt;Städte und Gemeinden bekommen mehr Geld;;;https://www.sr.de/sr/home/nachrichten/nachrichten_einfach/staedte_und_gemeinden_bekommen_mehr_geld100.html;CC BY-NC-ND 3.0;;SR.de;https://www.sr.de
MuslimedürfeninHomburgToteimTuchbeerdigen.txt;Muslime dürfen in Homburg Tote im Tuch beerdigen;;;https://www.sr.de/sr/home/nachrichten/nachrichten_einfach/muslime_duerfen_in_homburg_tote_im_tuch_beerdingen100.html;CC BY-NC-ND 3.0;;SR.de;https://www.sr.de
FußgängerstirbtbeiAutounfall.txt;Fußgänger stirbt bei Autounfall;;;https://www.sr.de/sr/home/nachrichten/nachrichten_einfach/fussgaenger_stirbt_bei_autounfall100.html;CC BY-NC-ND 3.0;;SR.de;https://www.sr.de
AdrianZöhleristneuerLSVSPräsident.txt;Adrian Zöhler ist neuer LSVS-Präsident;;;https://www.sr.de/sr/home/nachrichten/nachrichten_einfach/ne_neuer_lsvs-praesident100.html;CC BY-NC-ND 3.0;;SR.de;https://www.sr.de
NeuerSupermarktinNeunkirchen.txt;Neuer Supermarkt in Neunkirchen;;;https://www.sr.de/sr/home/nachrichten/nachrichten_einfach/ne_neuer_supermarkt_in_neunkirchen102.html;CC BY-NC-ND 3.0;;SR.de;https://www.sr.de
StreitumLSVSSkandalgehtweiter.txt;Streit um LSVS-Skandal geht weiter;;;https://www.sr.de/sr/home/nachrichten/nachrichten_einfach/ne_lsvs_koalitionsausschuss100.html;CC BY-NC-ND 3.0;;SR.de;https://www.sr.de
SRdebesserlesenkönnen.txt;SR.de besser lesen können;;;https://www.sr.de/sr/home/nachrichten/nachrichten_einfach/schriftgroesse_kontrast_nachrichten_einfach100.html;CC BY-NC-ND 3.0;;SR.de;https://www.sr.de
StreitumgeplantesGlobusGeschäftinNeunkirchen.txt;Streit um geplantes Globus-Geschäft in Neunkirchen;;;https://www.sr.de/sr/home/nachrichten/nachrichten_einfach/ne_streit_globus_neunkirchen100.html;CC BY-NC-ND 3.0;;SR.de;https://www.sr.de